This is pdfTeX, Version 3.141592653-2.6-1.40.28 (TeX Live 2025) (preloaded format=pdflatex 2025.7.30)  17 JUL 2026 16:03
entering extended mode
 restricted \write18 enabled.
 file:line:error style messages enabled.
 %&-line parsing enabled.
**/Users/robert/Documents/Dissertation/RLeeDissertation.tex
(/Users/robert/Documents/Dissertation/RLeeDissertation.tex
LaTeX2e <2025-06-01> patch level 1
L3 programming layer <2025-07-19>
(./ucsddissertation.cls (/usr/local/texlive/2025/texmf-dist/tex/latex/base/book.cls
Document Class: book 2025/01/22 v1.4n Standard LaTeX document class
(/usr/local/texlive/2025/texmf-dist/tex/latex/base/bk12.clo
File: bk12.clo 2025/01/22 v1.4n Standard LaTeX file (size option)
)
\c@part=\count275
\c@chapter=\count276
\c@section=\count277
\c@subsection=\count278
\c@subsubsection=\count279
\c@paragraph=\count280
\c@subparagraph=\count281
\c@figure=\count282
\c@table=\count283
\abovecaptionskip=\skip49
\belowcaptionskip=\skip50
\bibindent=\dimen148
) (/usr/local/texlive/2025/texmf-dist/tex/latex/base/fixltx2e.sty
Package: fixltx2e 2016/12/29 v2.1a fixes to LaTeX (obsolete)
Applying: [2015/01/01] Old fixltx2e package on input line 46.


Package fixltx2e Warning: fixltx2e is not required with releases after 2015
(fixltx2e)                All fixes are now in the LaTeX kernel.
(fixltx2e)                See the latexrelease package for details.

Already applied: [0000/00/00] Old fixltx2e package on input line 53.
) (/usr/local/texlive/2025/texmf-dist/tex/latex/tools/calc.sty
Package: calc 2025/03/01 v4.3b Infix arithmetic (KKT,FJ)
\calc@Acount=\count284
\calc@Bcount=\count285
\calc@Adimen=\dimen149
\calc@Bdimen=\dimen150
\calc@Askip=\skip51
\calc@Bskip=\skip52
LaTeX Info: Redefining \setlength on input line 86.
LaTeX Info: Redefining \addtolength on input line 87.
\calc@Ccount=\count286
\calc@Cskip=\skip53
) (/usr/local/texlive/2025/texmf-dist/tex/latex/geometry/geometry.sty
Package: geometry 2020/01/02 v5.9 Page Geometry
 (/usr/local/texlive/2025/texmf-dist/tex/latex/graphics/keyval.sty
Package: keyval 2022/05/29 v1.15 key=value parser (DPC)
\KV@toks@=\toks17
) (/usr/local/texlive/2025/texmf-dist/tex/generic/iftex/ifvtex.sty
Package: ifvtex 2019/10/25 v1.7 ifvtex legacy package. Use iftex instead.
 (/usr/local/texlive/2025/texmf-dist/tex/generic/iftex/iftex.sty
Package: iftex 2024/12/12 v1.0g TeX engine tests
))
\Gm@cnth=\count287
\Gm@cntv=\count288
\c@Gm@tempcnt=\count289
\Gm@bindingoffset=\dimen151
\Gm@wd@mp=\dimen152
\Gm@odd@mp=\dimen153
\Gm@even@mp=\dimen154
\Gm@layoutwidth=\dimen155
\Gm@layoutheight=\dimen156
\Gm@layouthoffset=\dimen157
\Gm@layoutvoffset=\dimen158
\Gm@dimlist=\toks18
) (/usr/local/texlive/2025/texmf-dist/tex/latex/setspace/setspace.sty
Package: setspace 2022/12/04 v6.7b set line spacing
) (/usr/local/texlive/2025/texmf-dist/tex/latex/tools/indentfirst.sty
Package: indentfirst 2023/07/02 v1.03 Indent first paragraph (DPC)
) (/usr/local/texlive/2025/texmf-dist/tex/latex/tocloft/tocloft.sty
Package: tocloft 2017/08/31 v2.3i parameterised ToC, etc., typesetting
Package tocloft Info: The document has chapter divisions on input line 51.
\cftparskip=\skip54
\cftbeforetoctitleskip=\skip55
\cftaftertoctitleskip=\skip56
\cftbeforepartskip=\skip57
\cftpartnumwidth=\skip58
\cftpartindent=\skip59
\cftbeforechapskip=\skip60
\cftchapindent=\skip61
\cftchapnumwidth=\skip62
\cftbeforesecskip=\skip63
\cftsecindent=\skip64
\cftsecnumwidth=\skip65
\cftbeforesubsecskip=\skip66
\cftsubsecindent=\skip67
\cftsubsecnumwidth=\skip68
\cftbeforesubsubsecskip=\skip69
\cftsubsubsecindent=\skip70
\cftsubsubsecnumwidth=\skip71
\cftbeforeparaskip=\skip72
\cftparaindent=\skip73
\cftparanumwidth=\skip74
\cftbeforesubparaskip=\skip75
\cftsubparaindent=\skip76
\cftsubparanumwidth=\skip77
\cftbeforeloftitleskip=\skip78
\cftafterloftitleskip=\skip79
\cftbeforefigskip=\skip80
\cftfigindent=\skip81
\cftfignumwidth=\skip82
\c@lofdepth=\count290
\c@lotdepth=\count291
\cftbeforelottitleskip=\skip83
\cftafterlottitleskip=\skip84
\cftbeforetabskip=\skip85
\cfttabindent=\skip86
\cfttabnumwidth=\skip87
) (/usr/local/texlive/2025/texmf-dist/tex/latex/titlesec/titlesec.sty
Package: titlesec 2025/01/04 v2.17 Sectioning titles
\ttl@box=\box53
\beforetitleunit=\skip88
\aftertitleunit=\skip89
\ttl@plus=\dimen159
\ttl@minus=\dimen160
\ttl@toksa=\toks19
\titlewidth=\dimen161
\titlewidthlast=\dimen162
\titlewidthfirst=\dimen163
 (/usr/local/texlive/2025/texmf-dist/tex/latex/titlesec/titleps.sty)) (/usr/local/texlive/2025/texmf-dist/tex/latex/caption/caption.sty
Package: caption 2023/08/05 v3.6o Customizing captions (AR)
 (/usr/local/texlive/2025/texmf-dist/tex/latex/caption/caption3.sty
Package: caption3 2023/07/31 v2.4d caption3 kernel (AR)
\caption@tempdima=\dimen164
\captionmargin=\dimen165
\caption@leftmargin=\dimen166
\caption@rightmargin=\dimen167
\caption@width=\dimen168
\caption@indent=\dimen169
\caption@parindent=\dimen170
\caption@hangindent=\dimen171
Package caption Info: Standard document class detected.
)
\c@caption@flags=\count292
\c@continuedfloat=\count293
) (/usr/local/texlive/2025/texmf-dist/tex/latex/tools/afterpage.sty
Package: afterpage 2023/07/04 v1.08 After-Page Package (DPC)
\AP@output=\toks20
\AP@partial=\box54
\AP@footins=\box55
) (/usr/local/texlive/2025/texmf-dist/tex/latex/etoolbox/etoolbox.sty
Package: etoolbox 2025/02/11 v2.5l e-TeX tools for LaTeX (JAW)
\etb@tempcnta=\count294
) (/usr/local/texlive/2025/texmf-dist/tex/latex/ragged2e/ragged2e.sty
Package: ragged2e 2023/06/22 v3.6 ragged2e Package
\CenteringLeftskip=\skip90
\RaggedLeftLeftskip=\skip91
\RaggedRightLeftskip=\skip92
\CenteringRightskip=\skip93
\RaggedLeftRightskip=\skip94
\RaggedRightRightskip=\skip95
\CenteringParfillskip=\skip96
\RaggedLeftParfillskip=\skip97
\RaggedRightParfillskip=\skip98
\JustifyingParfillskip=\skip99
\CenteringParindent=\skip100
\RaggedLeftParindent=\skip101
\RaggedRightParindent=\skip102
\JustifyingParindent=\skip103
)
\titleskip=\skip104
\satisfactionskip=\skip105
\inskip=\skip106
\degreeskip=\skip107
\byskip=\skip108
\authorskip=\skip109
\committeeskip=\skip110
\yearskip=\skip111
\dissertationabstractskip=\skip112
\Vspace@topskip=\skip113
\ucsd@captionbox=\box56
\ucsd@outputcaptionbox=\box57
\ucsd@outputfigurebox=\box58
) (/usr/local/texlive/2025/texmf-dist/tex/latex/psnfss/mathptmx.sty
Package: mathptmx 2020/03/25 PSNFSS-v9.3 Times w/ Math, improved (SPQR, WaS) 
LaTeX Font Info:    Redeclaring symbol font `operators' on input line 28.
LaTeX Font Info:    Overwriting symbol font `operators' in version `normal'
(Font)                  OT1/cmr/m/n --> OT1/ztmcm/m/n on input line 28.
LaTeX Font Info:    Overwriting symbol font `operators' in version `bold'
(Font)                  OT1/cmr/bx/n --> OT1/ztmcm/m/n on input line 28.
LaTeX Font Info:    Redeclaring symbol font `letters' on input line 29.
LaTeX Font Info:    Overwriting symbol font `letters' in version `normal'
(Font)                  OML/cmm/m/it --> OML/ztmcm/m/it on input line 29.
LaTeX Font Info:    Overwriting symbol font `letters' in version `bold'
(Font)                  OML/cmm/b/it --> OML/ztmcm/m/it on input line 29.
LaTeX Font Info:    Redeclaring symbol font `symbols' on input line 30.
LaTeX Font Info:    Overwriting symbol font `symbols' in version `normal'
(Font)                  OMS/cmsy/m/n --> OMS/ztmcm/m/n on input line 30.
LaTeX Font Info:    Overwriting symbol font `symbols' in version `bold'
(Font)                  OMS/cmsy/b/n --> OMS/ztmcm/m/n on input line 30.
LaTeX Font Info:    Redeclaring symbol font `largesymbols' on input line 31.
LaTeX Font Info:    Overwriting symbol font `largesymbols' in version `normal'
(Font)                  OMX/cmex/m/n --> OMX/ztmcm/m/n on input line 31.
LaTeX Font Info:    Overwriting symbol font `largesymbols' in version `bold'
(Font)                  OMX/cmex/m/n --> OMX/ztmcm/m/n on input line 31.
\symbold=\mathgroup4
\symitalic=\mathgroup5
LaTeX Font Info:    Redeclaring math alphabet \mathbf on input line 34.
LaTeX Font Info:    Overwriting math alphabet `\mathbf' in version `normal'
(Font)                  OT1/cmr/bx/n --> OT1/ptm/bx/n on input line 34.
LaTeX Font Info:    Overwriting math alphabet `\mathbf' in version `bold'
(Font)                  OT1/cmr/bx/n --> OT1/ptm/bx/n on input line 34.
LaTeX Font Info:    Redeclaring math alphabet \mathit on input line 35.
LaTeX Font Info:    Overwriting math alphabet `\mathit' in version `normal'
(Font)                  OT1/cmr/m/it --> OT1/ptm/m/it on input line 35.
LaTeX Font Info:    Overwriting math alphabet `\mathit' in version `bold'
(Font)                  OT1/cmr/bx/it --> OT1/ptm/m/it on input line 35.
LaTeX Info: Redefining \hbar on input line 50.
) (/usr/local/texlive/2025/texmf-dist/tex/latex/currvita/currvita.sty
Package: currvita 1999/09/13 v0.9i Typesetting a Curriculum Vitae
 (/usr/local/texlive/2025/texmf-dist/tex/latex/base/ifthen.sty
Package: ifthen 2024/03/16 v1.1e Standard LaTeX ifthen package (DPC)
)
\@cvlistheading=\box59
\cvlabelsep=\skip114
\cvlabelskip=\skip115
\cvlabelwidth=\skip116
) (/usr/local/texlive/2025/texmf-dist/tex/latex/tools/array.sty
Package: array 2025/06/08 v2.6j Tabular extension package (FMi)
\col@sep=\dimen172
\ar@mcellbox=\box60
\extrarowheight=\dimen173
\NC@list=\toks21
\extratabsurround=\skip117
\backup@length=\skip118
\ar@cellbox=\box61
) (/usr/local/texlive/2025/texmf-dist/tex/latex/tools/tabularx.sty
Package: tabularx 2023/12/11 v2.12a `tabularx' package (DPC)
\TX@col@width=\dimen174
\TX@old@table=\dimen175
\TX@old@col=\dimen176
\TX@target=\dimen177
\TX@delta=\dimen178
\TX@cols=\count295
\TX@ftn=\toks22
) (/usr/local/texlive/2025/texmf-dist/tex/latex/multirow/multirow.sty
Package: multirow 2024/11/12 v2.9 Span multiple rows of a table
\multirow@colwidth=\skip119
\multirow@cntb=\count296
\multirow@dima=\skip120
\bigstrutjot=\dimen179
) (/usr/local/texlive/2025/texmf-dist/tex/latex/booktabs/booktabs.sty
Package: booktabs 2020/01/12 v1.61803398 Publication quality tables
\heavyrulewidth=\dimen180
\lightrulewidth=\dimen181
\cmidrulewidth=\dimen182
\belowrulesep=\dimen183
\belowbottomsep=\dimen184
\aboverulesep=\dimen185
\abovetopsep=\dimen186
\cmidrulesep=\dimen187
\cmidrulekern=\dimen188
\defaultaddspace=\dimen189
\@cmidla=\count297
\@cmidlb=\count298
\@aboverulesep=\dimen190
\@belowrulesep=\dimen191
\@thisruleclass=\count299
\@lastruleclass=\count300
\@thisrulewidth=\dimen192
) (/usr/local/texlive/2025/texmf-dist/tex/latex/microtype/microtype.sty
Package: microtype 2025/07/09 v3.2b Micro-typographical refinements (RS)
\MT@toks=\toks23
\MT@tempbox=\box62
\MT@count=\count301
LaTeX Info: Redefining \noprotrusionifhmode on input line 1087.
LaTeX Info: Redefining \leftprotrusion on input line 1088.
\MT@prot@toks=\toks24
LaTeX Info: Redefining \rightprotrusion on input line 1107.
LaTeX Info: Redefining \textls on input line 1449.
\MT@outer@kern=\dimen193
LaTeX Info: Redefining \microtypecontext on input line 2053.
LaTeX Info: Redefining \textmicrotypecontext on input line 2070.
\MT@listname@count=\count302
 (/usr/local/texlive/2025/texmf-dist/tex/latex/microtype/microtype-pdftex.def
File: microtype-pdftex.def 2025/07/09 v3.2b Definitions specific to pdftex (RS)
LaTeX Info: Redefining \lsstyle on input line 944.
LaTeX Info: Redefining \lslig on input line 944.
\MT@outer@space=\skip121
)
Package microtype Info: Loading configuration file microtype.cfg.
 (/usr/local/texlive/2025/texmf-dist/tex/latex/microtype/microtype.cfg
File: microtype.cfg 2025/07/09 v3.2b microtype main configuration file (RS)
)
LaTeX Info: Redefining \microtypesetup on input line 3065.
) (/usr/local/texlive/2025/texmf-dist/tex/latex/makecell/makecell.sty
Package: makecell 2009/08/03 V0.1e Managing of Tab Column Heads and Cells
\rotheadsize=\dimen194
\c@nlinenum=\count303
\TeXr@lab=\toks25
) (/usr/local/texlive/2025/texmf-dist/tex/latex/caption/subcaption.sty
Package: subcaption 2023/07/28 v1.6b Sub-captions (AR)
Package caption Info: New subtype `subfigure' on input line 238.
\c@subfigure=\count304
Package caption Info: New subtype `subtable' on input line 238.
\c@subtable=\count305
) (/usr/local/texlive/2025/texmf-dist/tex/latex/xfrac/xfrac.sty (/usr/local/texlive/2025/texmf-dist/tex/latex/amsmath/amstext.sty
Package: amstext 2024/11/17 v2.01 AMS text
 (/usr/local/texlive/2025/texmf-dist/tex/latex/amsmath/amsgen.sty
File: amsgen.sty 1999/11/30 v2.0 generic functions
\@emptytoks=\toks26
\ex@=\dimen195
)) (/usr/local/texlive/2025/texmf-dist/tex/latex/graphics/graphicx.sty
Package: graphicx 2024/12/31 v1.2e Enhanced LaTeX Graphics (DPC,SPQR)
 (/usr/local/texlive/2025/texmf-dist/tex/latex/graphics/graphics.sty
Package: graphics 2024/08/06 v1.4g Standard LaTeX Graphics (DPC,SPQR)
 (/usr/local/texlive/2025/texmf-dist/tex/latex/graphics/trig.sty
Package: trig 2023/12/02 v1.11 sin cos tan (DPC)
) (/usr/local/texlive/2025/texmf-dist/tex/latex/graphics-cfg/graphics.cfg
File: graphics.cfg 2016/06/04 v1.11 sample graphics configuration
)
Package graphics Info: Driver file: pdftex.def on input line 106.
 (/usr/local/texlive/2025/texmf-dist/tex/latex/graphics-def/pdftex.def
File: pdftex.def 2024/04/13 v1.2c Graphics/color driver for pdftex
))
\Gin@req@height=\dimen196
\Gin@req@width=\dimen197
)
Package: xfrac 2024-06-04 Split-level fractions
\l__xfrac_slash_box=\box63
\l__xfrac_tmp_box=\box64
\l__xfrac_denominator_bot_sep_dim=\dimen198
\l__xfrac_numerator_bot_sep_dim=\dimen199
\l__xfrac_numerator_top_sep_dim=\dimen256
\l__xfrac_slash_left_sep_dim=\dimen257
\l__xfrac_slash_right_sep_dim=\dimen258
\l__xfrac_slash_left_muskip=\muskip17
\l__xfrac_slash_right_muskip=\muskip18

LaTeX template Info: Declaring template type 'xfrac' taking 3 argument(s) on
(template)           line 100.


LaTeX template Info: Declaring instance 'cmr' of type xfrac on line 392.


LaTeX template Info: Declaring instance 'cmss' of type xfrac on line 392.


LaTeX template Info: Declaring instance 'cmtt' of type xfrac on line 392.

) (/usr/local/texlive/2025/texmf-dist/tex/latex/amsmath/amsmath.sty
Package: amsmath 2025/06/16 v2.17y AMS math features
\@mathmargin=\skip122

For additional information on amsmath, use the `?' option.
(/usr/local/texlive/2025/texmf-dist/tex/latex/amsmath/amsbsy.sty
Package: amsbsy 1999/11/29 v1.2d Bold Symbols
\pmbraise@=\dimen259
) (/usr/local/texlive/2025/texmf-dist/tex/latex/amsmath/amsopn.sty
Package: amsopn 2022/04/08 v2.04 operator names
)
\inf@bad=\count306
LaTeX Info: Redefining \frac on input line 233.
\uproot@=\count307
\leftroot@=\count308
LaTeX Info: Redefining \overline on input line 398.
LaTeX Info: Redefining \colon on input line 409.
\classnum@=\count309
\DOTSCASE@=\count310
LaTeX Info: Redefining \ldots on input line 495.
LaTeX Info: Redefining \dots on input line 498.
LaTeX Info: Redefining \cdots on input line 619.
\Mathstrutbox@=\box65
\strutbox@=\box66
LaTeX Info: Redefining \big on input line 721.
LaTeX Info: Redefining \Big on input line 722.
LaTeX Info: Redefining \bigg on input line 723.
LaTeX Info: Redefining \Bigg on input line 724.
\big@size=\dimen260
LaTeX Font Info:    Redeclaring font encoding OML on input line 742.
LaTeX Font Info:    Redeclaring font encoding OMS on input line 743.
\macc@depth=\count311
LaTeX Info: Redefining \bmod on input line 904.
LaTeX Info: Redefining \pmod on input line 909.
LaTeX Info: Redefining \smash on input line 939.
LaTeX Info: Redefining \relbar on input line 969.
LaTeX Info: Redefining \Relbar on input line 970.
\c@MaxMatrixCols=\count312
\dotsspace@=\muskip19
\c@parentequation=\count313
\dspbrk@lvl=\count314
\tag@help=\toks27
\row@=\count315
\column@=\count316
\maxfields@=\count317
\andhelp@=\toks28
\eqnshift@=\dimen261
\alignsep@=\dimen262
\tagshift@=\dimen263
\tagwidth@=\dimen264
\totwidth@=\dimen265
\lineht@=\dimen266
\@envbody=\toks29
\multlinegap=\skip123
\multlinetaggap=\skip124
\mathdisplay@stack=\toks30
LaTeX Info: Redefining \[ on input line 2949.
LaTeX Info: Redefining \] on input line 2950.
) (/usr/local/texlive/2025/texmf-dist/tex/latex/float/float.sty
Package: float 2001/11/08 v1.3d Float enhancements (AL)
\c@float@type=\count318
\float@exts=\toks31
\float@box=\box67
\@float@everytoks=\toks32
\@floatcapt=\box68
) (/usr/local/texlive/2025/texmf-dist/tex/latex/hyperref/hyperref.sty
Package: hyperref 2025-07-12 v7.01o Hypertext links for LaTeX
 (/usr/local/texlive/2025/texmf-dist/tex/latex/kvsetkeys/kvsetkeys.sty
Package: kvsetkeys 2022-10-05 v1.19 Key value parser (HO)
) (/usr/local/texlive/2025/texmf-dist/tex/generic/kvdefinekeys/kvdefinekeys.sty
Package: kvdefinekeys 2019-12-19 v1.6 Define keys (HO)
) (/usr/local/texlive/2025/texmf-dist/tex/generic/pdfescape/pdfescape.sty
Package: pdfescape 2019/12/09 v1.15 Implements pdfTeX's escape features (HO)
 (/usr/local/texlive/2025/texmf-dist/tex/generic/ltxcmds/ltxcmds.sty
Package: ltxcmds 2023-12-04 v1.26 LaTeX kernel commands for general use (HO)
) (/usr/local/texlive/2025/texmf-dist/tex/generic/pdftexcmds/pdftexcmds.sty
Package: pdftexcmds 2020-06-27 v0.33 Utility functions of pdfTeX for LuaTeX (HO)
 (/usr/local/texlive/2025/texmf-dist/tex/generic/infwarerr/infwarerr.sty
Package: infwarerr 2019/12/03 v1.5 Providing info/warning/error messages (HO)
)
Package pdftexcmds Info: \pdf@primitive is available.
Package pdftexcmds Info: \pdf@ifprimitive is available.
Package pdftexcmds Info: \pdfdraftmode found.
)) (/usr/local/texlive/2025/texmf-dist/tex/latex/hycolor/hycolor.sty
Package: hycolor 2020-01-27 v1.10 Color options for hyperref/bookmark (HO)
) (/usr/local/texlive/2025/texmf-dist/tex/latex/hyperref/nameref.sty
Package: nameref 2025-06-21 v2.57 Cross-referencing by name of section
 (/usr/local/texlive/2025/texmf-dist/tex/latex/refcount/refcount.sty
Package: refcount 2019/12/15 v3.6 Data extraction from label references (HO)
) (/usr/local/texlive/2025/texmf-dist/tex/generic/gettitlestring/gettitlestring.sty
Package: gettitlestring 2019/12/15 v1.6 Cleanup title references (HO)
 (/usr/local/texlive/2025/texmf-dist/tex/latex/kvoptions/kvoptions.sty
Package: kvoptions 2022-06-15 v3.15 Key value format for package options (HO)
))
\c@section@level=\count319
) (/usr/local/texlive/2025/texmf-dist/tex/generic/stringenc/stringenc.sty
Package: stringenc 2019/11/29 v1.12 Convert strings between diff. encodings (HO)
)
\@linkdim=\dimen267
\Hy@linkcounter=\count320
\Hy@pagecounter=\count321
 (/usr/local/texlive/2025/texmf-dist/tex/latex/hyperref/pd1enc.def
File: pd1enc.def 2025-07-12 v7.01o Hyperref: PDFDocEncoding definition (HO)
Now handling font encoding PD1 ...
... no UTF-8 mapping file for font encoding PD1
) (/usr/local/texlive/2025/texmf-dist/tex/generic/intcalc/intcalc.sty
Package: intcalc 2019/12/15 v1.3 Expandable calculations with integers (HO)
)
\Hy@SavedSpaceFactor=\count322
 (/usr/local/texlive/2025/texmf-dist/tex/latex/hyperref/puenc.def
File: puenc.def 2025-07-12 v7.01o Hyperref: PDF Unicode definition (HO)
Now handling font encoding PU ...
... no UTF-8 mapping file for font encoding PU
)
Package hyperref Info: Option `breaklinks' set `true' on input line 4066.
Package hyperref Info: Hyper figures OFF on input line 4195.
Package hyperref Info: Link nesting OFF on input line 4200.
Package hyperref Info: Hyper index ON on input line 4203.
Package hyperref Info: Plain pages OFF on input line 4210.
Package hyperref Info: Backreferencing OFF on input line 4215.
Package hyperref Info: Implicit mode ON; LaTeX internals redefined.
Package hyperref Info: Bookmarks ON on input line 4462.
\c@Hy@tempcnt=\count323
 (/usr/local/texlive/2025/texmf-dist/tex/latex/url/url.sty
\Urlmuskip=\muskip20
Package: url 2013/09/16  ver 3.4  Verb mode for urls, etc.
)
LaTeX Info: Redefining \url on input line 4801.
\XeTeXLinkMargin=\dimen268
 (/usr/local/texlive/2025/texmf-dist/tex/generic/bitset/bitset.sty
Package: bitset 2019/12/09 v1.3 Handle bit-vector datatype (HO)
 (/usr/local/texlive/2025/texmf-dist/tex/generic/bigintcalc/bigintcalc.sty
Package: bigintcalc 2019/12/15 v1.5 Expandable calculations on big integers (HO)
))
\Fld@menulength=\count324
\Field@Width=\dimen269
\Fld@charsize=\dimen270
Package hyperref Info: Hyper figures OFF on input line 6078.
Package hyperref Info: Link nesting OFF on input line 6083.
Package hyperref Info: Hyper index ON on input line 6086.
Package hyperref Info: backreferencing OFF on input line 6093.
Package hyperref Info: Link coloring OFF on input line 6098.
Package hyperref Info: Link coloring with OCG OFF on input line 6103.
Package hyperref Info: PDF/A mode OFF on input line 6108.
\Hy@abspage=\count325
\c@Item=\count326
\c@Hfootnote=\count327
)
Package hyperref Info: Driver (autodetected): hpdftex.
 (/usr/local/texlive/2025/texmf-dist/tex/latex/hyperref/hpdftex.def
File: hpdftex.def 2025-07-12 v7.01o Hyperref driver for pdfTeX
\Fld@listcount=\count328
\c@bookmark@seq@number=\count329
 (/usr/local/texlive/2025/texmf-dist/tex/latex/rerunfilecheck/rerunfilecheck.sty
Package: rerunfilecheck 2025-06-21 v1.11 Rerun checks for auxiliary files (HO)
 (/usr/local/texlive/2025/texmf-dist/tex/generic/uniquecounter/uniquecounter.sty
Package: uniquecounter 2019/12/15 v1.4 Provide unlimited unique counter (HO)
)
Package uniquecounter Info: New unique counter `rerunfilecheck' on input line 284.
)
\Hy@SectionHShift=\skip125
) (/usr/local/texlive/2025/texmf-dist/tex/latex/biblatex/biblatex.sty
Package: biblatex 2025/07/10 v3.21 programmable bibliographies (PK/MW)
 (/usr/local/texlive/2025/texmf-dist/tex/latex/logreq/logreq.sty
Package: logreq 2010/08/04 v1.0 xml request logger
\lrq@indent=\count330
 (/usr/local/texlive/2025/texmf-dist/tex/latex/logreq/logreq.def
File: logreq.def 2010/08/04 v1.0 logreq spec v1.0
))
\c@tabx@nest=\count331
\c@listtotal=\count332
\c@listcount=\count333
\c@liststart=\count334
\c@liststop=\count335
\c@citecount=\count336
\c@citetotal=\count337
\c@multicitecount=\count338
\c@multicitetotal=\count339
\c@instcount=\count340
\c@maxnames=\count341
\c@minnames=\count342
\c@maxitems=\count343
\c@minitems=\count344
\c@citecounter=\count345
\c@maxcitecounter=\count346
\c@savedcitecounter=\count347
\c@uniquelist=\count348
\c@uniquename=\count349
\c@refsection=\count350
\c@refsegment=\count351
\c@maxextratitle=\count352
\c@maxextratitleyear=\count353
\c@maxextraname=\count354
\c@maxextradate=\count355
\c@maxextraalpha=\count356
\c@abbrvpenalty=\count357
\c@highnamepenalty=\count358
\c@lownamepenalty=\count359
\c@maxparens=\count360
\c@parenlevel=\count361
\blx@tempcnta=\count362
\blx@tempcntb=\count363
\blx@tempcntc=\count364
\c@blx@maxsection=\count365
\blx@maxsegment@0=\count366
\blx@notetype=\count367
\blx@parenlevel@text=\count368
\blx@parenlevel@foot=\count369
\blx@sectionciteorder@0=\count370
\blx@sectionciteorderinternal@0=\count371
\blx@entrysetcounter=\count372
\blx@biblioinstance=\count373
\labelnumberwidth=\skip126
\labelalphawidth=\skip127
\biblabelsep=\skip128
\bibitemsep=\skip129
\bibnamesep=\skip130
\bibinitsep=\skip131
\bibparsep=\skip132
\bibhang=\skip133
\blx@bcfin=\read2
\blx@bcfout=\write3
\blx@langwohyphens=\language90
\c@mincomprange=\count374
\c@maxcomprange=\count375
\c@mincompwidth=\count376
Package biblatex Info: Trying to load biblatex default data model...
Package biblatex Info: ... file 'blx-dm.def' found.
 (/usr/local/texlive/2025/texmf-dist/tex/latex/biblatex/blx-dm.def
File: blx-dm.def 2025/07/10 v3.21 biblatex datamodel (PK/MW)
)
Package biblatex Info: Trying to load biblatex style data model...
Package biblatex Info: ... file 'numeric.dbx' not found.
Package biblatex Info: Trying to load biblatex custom data model...
Package biblatex Info: ... file 'biblatex-dm.cfg' not found.
\c@afterword=\count377
\c@savedafterword=\count378
\c@annotator=\count379
\c@savedannotator=\count380
\c@author=\count381
\c@savedauthor=\count382
\c@bookauthor=\count383
\c@savedbookauthor=\count384
\c@commentator=\count385
\c@savedcommentator=\count386
\c@editor=\count387
\c@savededitor=\count388
\c@editora=\count389
\c@savededitora=\count390
\c@editorb=\count391
\c@savededitorb=\count392
\c@editorc=\count393
\c@savededitorc=\count394
\c@foreword=\count395
\c@savedforeword=\count396
\c@holder=\count397
\c@savedholder=\count398
\c@introduction=\count399
\c@savedintroduction=\count400
\c@namea=\count401
\c@savednamea=\count402
\c@nameb=\count403
\c@savednameb=\count404
\c@namec=\count405
\c@savednamec=\count406
\c@translator=\count407
\c@savedtranslator=\count408
\c@shortauthor=\count409
\c@savedshortauthor=\count410
\c@shorteditor=\count411
\c@savedshorteditor=\count412
\c@labelname=\count413
\c@savedlabelname=\count414
\c@institution=\count415
\c@savedinstitution=\count416
\c@lista=\count417
\c@savedlista=\count418
\c@listb=\count419
\c@savedlistb=\count420
\c@listc=\count421
\c@savedlistc=\count422
\c@listd=\count423
\c@savedlistd=\count424
\c@liste=\count425
\c@savedliste=\count426
\c@listf=\count427
\c@savedlistf=\count428
\c@location=\count429
\c@savedlocation=\count430
\c@organization=\count431
\c@savedorganization=\count432
\c@origlocation=\count433
\c@savedoriglocation=\count434
\c@origpublisher=\count435
\c@savedorigpublisher=\count436
\c@publisher=\count437
\c@savedpublisher=\count438
\c@language=\count439
\c@savedlanguage=\count440
\c@origlanguage=\count441
\c@savedoriglanguage=\count442
\c@pageref=\count443
\c@savedpageref=\count444
\shorthandwidth=\skip134
\shortjournalwidth=\skip135
\shortserieswidth=\skip136
\shorttitlewidth=\skip137
\shortauthorwidth=\skip138
\shorteditorwidth=\skip139
\locallabelnumberwidth=\skip140
\locallabelalphawidth=\skip141
\localshorthandwidth=\skip142
\localshortjournalwidth=\skip143
\localshortserieswidth=\skip144
\localshorttitlewidth=\skip145
\localshortauthorwidth=\skip146
\localshorteditorwidth=\skip147
Package biblatex Info: Trying to load compatibility code...
Package biblatex Info: ... file 'blx-compat.def' found.
 (/usr/local/texlive/2025/texmf-dist/tex/latex/biblatex/blx-compat.def
File: blx-compat.def 2025/07/10 v3.21 biblatex compatibility (PK/MW)
)
Package biblatex Info: Trying to load generic definitions...
Package biblatex Info: ... file 'biblatex.def' found.
 (/usr/local/texlive/2025/texmf-dist/tex/latex/biblatex/biblatex.def
File: biblatex.def 2025/07/10 v3.21 biblatex compatibility (PK/MW)
\c@textcitecount=\count445
\c@textcitetotal=\count446
\c@textcitemaxnames=\count447
\c@biburlbigbreakpenalty=\count448
\c@biburlbreakpenalty=\count449
\c@biburlnumpenalty=\count450
\c@biburlucpenalty=\count451
\c@biburllcpenalty=\count452
\biburlbigskip=\muskip21
\biburlnumskip=\muskip22
\biburlucskip=\muskip23
\biburllcskip=\muskip24
\c@smartand=\count453
)
Package biblatex Info: Trying to load bibliography style 'numeric'...
Package biblatex Info: ... file 'numeric.bbx' found.
 (/usr/local/texlive/2025/texmf-dist/tex/latex/biblatex/bbx/numeric.bbx
File: numeric.bbx 2025/07/10 v3.21 biblatex bibliography style (PK/MW)
Package biblatex Info: Trying to load bibliography style 'standard'...
Package biblatex Info: ... file 'standard.bbx' found.
 (/usr/local/texlive/2025/texmf-dist/tex/latex/biblatex/bbx/standard.bbx
File: standard.bbx 2025/07/10 v3.21 biblatex bibliography style (PK/MW)
\c@bbx:relatedcount=\count454
\c@bbx:relatedtotal=\count455
))
Package biblatex Info: Trying to load citation style 'numeric'...
Package biblatex Info: ... file 'numeric.cbx' found.
 (/usr/local/texlive/2025/texmf-dist/tex/latex/biblatex/cbx/numeric.cbx
File: numeric.cbx 2025/07/10 v3.21 biblatex citation style (PK/MW)
Package biblatex Info: Redefining '\cite'.
Package biblatex Info: Redefining '\parencite'.
Package biblatex Info: Redefining '\footcite'.
Package biblatex Info: Redefining '\footcitetext'.
Package biblatex Info: Redefining '\smartcite'.
Package biblatex Info: Redefining '\supercite'.
Package biblatex Info: Redefining '\textcite'.
Package biblatex Info: Redefining '\textcites'.
Package biblatex Info: Redefining '\cites'.
Package biblatex Info: Redefining '\parencites'.
Package biblatex Info: Redefining '\smartcites'.
)
Package biblatex Info: Trying to load configuration file...
Package biblatex Info: ... file 'biblatex.cfg' found.
 (/usr/local/texlive/2025/texmf-dist/tex/latex/biblatex/biblatex.cfg
File: biblatex.cfg 
)
Package biblatex Info: Input encoding 'utf8' detected.
Package biblatex Info: Document encoding is UTF8 ....
 (/usr/local/texlive/2025/texmf-dist/tex/latex/l3kernel/expl3.sty
Package: expl3 2025-07-19 L3 programming layer (loader) 
 (/usr/local/texlive/2025/texmf-dist/tex/latex/l3backend/l3backend-pdftex.def
File: l3backend-pdftex.def 2025-06-09 L3 backend support: PDF output (pdfTeX)
\l__color_backend_stack_int=\count456
))
Package biblatex Info: ... and expl3
(biblatex)             2025-07-19 L3 programming layer (loader) 
(biblatex)             is new enough (at least 2020/04/06),
(biblatex)             setting 'casechanger=expl3'.
 (/usr/local/texlive/2025/texmf-dist/tex/latex/biblatex/blx-case-expl3.sty (/usr/local/texlive/2025/texmf-dist/tex/latex/l3packages/xparse/xparse.sty
Package: xparse 2024-08-16 L3 Experimental document command parser
)
Package: blx-case-expl3 2025/07/10 v3.21 expl3 case changing code for biblatex
)) (/usr/local/texlive/2025/texmf-dist/tex/latex/tools/trace.sty
Package: trace 2021/04/18 v1.1f trace LaTeX code
) (/usr/local/texlive/2025/texmf-dist/tex/generic/babel/babel.sty
Package: babel 2025/07/13 v25.11 The multilingual framework for LuaLaTeX, pdfLaTeX and XeLaTeX
\babel@savecnt=\count457
LaTeX Encoding Info:    Redeclaring text command \ij (encoding OT1) on input line 2045.
LaTeX Encoding Info:    Redeclaring text command \IJ (encoding OT1) on input line 2047.
LaTeX Encoding Info:    Redeclaring text command \ij (encoding T1) on input line 2049.
LaTeX Encoding Info:    Redeclaring text command \IJ (encoding T1) on input line 2050.
LaTeX Encoding Info:    Ignoring declaration for text command \ij (encoding ?) on input line 2051.
LaTeX Encoding Info:    Ignoring declaration for text command \IJ (encoding ?) on input line 2053.
LaTeX Encoding Info:    Ignoring declaration for text command \SS (encoding ?) on input line 2078.
\U@D=\dimen271
\l@unhyphenated=\language91
 (/usr/local/texlive/2025/texmf-dist/tex/generic/babel/txtbabel.def)
\bbl@readstream=\read3
\bbl@dirlevel=\count458
 (/usr/local/texlive/2025/texmf-dist/tex/generic/babel-english/english.ldf
Language: english 2017/06/06 v3.3r English support from the babel system
 (/usr/local/texlive/2025/texmf-dist/tex/generic/babel/locale/en/babel-english.tex
Package babel Info: Importing font and identification data for english
(babel)             from babel-en.ini. Reported on input line 12.
)
Package babel Info: Hyphen rules for 'canadian' set to \l@english
(babel)             (\language0). Reported on input line 102.
Package babel Info: Hyphen rules for 'australian' set to \l@ukenglish
(babel)             (\language22). Reported on input line 105.
Package babel Info: Hyphen rules for 'newzealand' set to \l@ukenglish
(babel)             (\language22). Reported on input line 108.
)) (/usr/local/texlive/2025/texmf-dist/tex/latex/blindtext/blindtext.sty
Package: blindtext 2012/01/06 V2.0 blindtext-Package
 (/usr/local/texlive/2025/texmf-dist/tex/latex/tools/xspace.sty
Package: xspace 2014/10/28 v1.13 Space after command names (DPC,MH)
)
\c@blindtext=\count459
\c@Blindtext=\count460
\c@blind@countparstart=\count461
\blind@countxx=\count462
\blindtext@numBlindtext=\count463
\blind@countyy=\count464
\c@blindlist=\count465
\c@blindlistlevel=\count466
\c@blindlist@level=\count467
\blind@listitem=\count468
\c@blind@listcount=\count469
\c@blind@levelcount=\count470
\blind@mathformula=\count471
\blind@Mathformula=\count472
\c@blind@randomcount=\count473
\c@blind@randommax=\count474
\c@blind@pangramcount=\count475
\c@blind@pangrammax=\count476
)

Package biblatex Warning: 'babel/polyglossia' detected but 'csquotes' missing.
(biblatex)                Loading 'csquotes' recommended.

\@quotelevel=\count477
\@quotereset=\count478
LaTeX Font Info:    Trying to load font information for OT1+ptm on input line 59.
(/usr/local/texlive/2025/texmf-dist/tex/latex/psnfss/ot1ptm.fd
File: ot1ptm.fd 2001/06/04 font definitions for OT1/ptm.
) (./RLeeDissertation.aux

LaTeX Warning: Label `fig:DiHiggs:DataMCVars4' multiply defined.


LaTeX Warning: Label `fig:DiHiggs:HLTAcceptance:Eta' multiply defined.


LaTeX Warning: Label `fig:SingleH:OfflineAcceptance:ScEta' multiply defined.

)
\openout1 = `RLeeDissertation.aux'.

LaTeX Font Info:    Checking defaults for OML/cmm/m/it on input line 59.
LaTeX Font Info:    ... okay on input line 59.
LaTeX Font Info:    Checking defaults for OMS/cmsy/m/n on input line 59.
LaTeX Font Info:    ... okay on input line 59.
LaTeX Font Info:    Checking defaults for OT1/cmr/m/n on input line 59.
LaTeX Font Info:    ... okay on input line 59.
LaTeX Font Info:    Checking defaults for T1/cmr/m/n on input line 59.
LaTeX Font Info:    ... okay on input line 59.
LaTeX Font Info:    Checking defaults for TS1/cmr/m/n on input line 59.
LaTeX Font Info:    ... okay on input line 59.
LaTeX Font Info:    Checking defaults for OMX/cmex/m/n on input line 59.
LaTeX Font Info:    ... okay on input line 59.
LaTeX Font Info:    Checking defaults for U/cmr/m/n on input line 59.
LaTeX Font Info:    ... okay on input line 59.
LaTeX Font Info:    Checking defaults for PD1/pdf/m/n on input line 59.
LaTeX Font Info:    ... okay on input line 59.
LaTeX Font Info:    Checking defaults for PU/pdf/m/n on input line 59.
LaTeX Font Info:    ... okay on input line 59.

*geometry* driver: auto-detecting
*geometry* detected driver: pdftex
*geometry* verbose mode - [ preamble ] result:
* driver: pdftex
* paper: <default>
* layout: <custom>
* layout(width,height): (614.295pt,794.96999pt)
* layoutoffset:(h,v)=(0.0pt,0.0pt)
* modes: 
* h-part:(L,W,R)=(79.49742pt, 455.30016pt, 79.49742pt)
* v-part:(T,H,B)=(79.49742pt, 635.97514pt, 79.49742pt)
* \paperwidth=614.295pt
* \paperheight=794.96999pt
* \textwidth=455.30016pt
* \textheight=635.97514pt
* \oddsidemargin=7.22743pt
* \evensidemargin=7.22743pt
* \topmargin=-40.90756pt
* \headheight=12.0pt
* \headsep=36.135pt
* \topskip=12.0pt
* \footskip=36.135pt
* \marginparwidth=0.0pt
* \marginparsep=0.0pt
* \columnsep=10.0pt
* \skip\footins=10.8pt plus 4.0pt minus 2.0pt
* \hoffset=0.0pt
* \voffset=0.0pt
* \mag=1000
* \@twocolumnfalse
* \@twosidefalse
* \@mparswitchfalse
* \@reversemarginfalse
* (1in=72.27pt=25.4mm, 1cm=28.453pt)

Package caption Info: Begin \AtBeginDocument code.
Package caption Info: float package is loaded.
Package caption Info: hyperref package is loaded.
Package caption Info: End \AtBeginDocument code.
LaTeX Info: Redefining \microtypecontext on input line 59.
Package microtype Info: Applying patch `item' on input line 59.
Package microtype Info: Applying patch `toc' on input line 59.
Package microtype Info: Applying patch `eqnum' on input line 59.
Package microtype Info: Applying patch `footnote' on input line 59.
Package microtype Info: Applying patch `verbatim' on input line 59.
LaTeX Info: Redefining \microtypesetup on input line 59.
Package microtype Info: Generating PDF output.
Package microtype Info: Character protrusion enabled (level 2).
Package microtype Info: Using default protrusion set `alltext'.
Package microtype Info: Automatic font expansion enabled (level 2),
(microtype)             stretch: 20, shrink: 20, step: 1, non-selected.
Package microtype Info: Using default expansion set `alltext-nott'.
Package microtype Info: Patching command `\showhyphens'.
Package microtype Info: No adjustment of tracking.
Package microtype Info: No adjustment of interword spacing.
Package microtype Info: No adjustment of character kerning.
(/usr/local/texlive/2025/texmf-dist/tex/latex/microtype/mt-ptm.cfg
File: mt-ptm.cfg 2006/04/20 v1.7 microtype config. file: Times (RS)
) (/usr/local/texlive/2025/texmf-dist/tex/context/base/mkii/supp-pdf.mkii
[Loading MPS to PDF converter (version 2006.09.02).]
\scratchcounter=\count479
\scratchdimen=\dimen272
\scratchbox=\box69
\nofMPsegments=\count480
\nofMParguments=\count481
\everyMPshowfont=\toks33
\MPscratchCnt=\count482
\MPscratchDim=\dimen273
\MPnumerator=\count483
\makeMPintoPDFobject=\count484
\everyMPtoPDFconversion=\toks34
) (/usr/local/texlive/2025/texmf-dist/tex/latex/epstopdf-pkg/epstopdf-base.sty
Package: epstopdf-base 2020-01-24 v2.11 Base part for package epstopdf
Package epstopdf-base Info: Redefining graphics rule for `.eps' on input line 485.
 (/usr/local/texlive/2025/texmf-dist/tex/latex/latexconfig/epstopdf-sys.cfg
File: epstopdf-sys.cfg 2010/07/13 v1.3 Configuration of (r)epstopdf for TeX Live
))
Package hyperref Info: Link coloring OFF on input line 59.
 (./RLeeDissertation.out) (./RLeeDissertation.out)
\@outlinefile=\write4
\openout4 = `RLeeDissertation.out'.

Package biblatex Info: Trying to load language 'english'...
Package biblatex Info: ... file 'english.lbx' found.
 (/usr/local/texlive/2025/texmf-dist/tex/latex/biblatex/lbx/english.lbx
File: english.lbx 2025/07/10 v3.21 biblatex localization (PK/MW)
)
Package biblatex Info: Input encoding 'utf8' detected.
Package biblatex Info: Automatic encoding selection.
(biblatex)             Assuming data encoding 'utf8'.
\openout3 = `RLeeDissertation.bcf'.

Package biblatex Info: Trying to load bibliographic data...
Package biblatex Info: ... file 'RLeeDissertation.bbl' found.
 (./RLeeDissertation.bbl)
Package biblatex Info: Reference section=0 on input line 59.
Package biblatex Info: Reference segment=0 on input line 59.
LaTeX Font Info:    Trying to load font information for OT1+ztmcm on input line 63.
 (/usr/local/texlive/2025/texmf-dist/tex/latex/psnfss/ot1ztmcm.fd
File: ot1ztmcm.fd 2000/01/03 Fontinst v1.801 font definitions for OT1/ztmcm.
)
Package microtype Info: Loading generic protrusion settings for font family
(microtype)             `ztmcm' (encoding: OT1).
(microtype)             For optimal results, create family-specific settings.
(microtype)             See the microtype manual for details.
LaTeX Font Info:    Trying to load font information for OML+ztmcm on input line 63.
 (/usr/local/texlive/2025/texmf-dist/tex/latex/psnfss/omlztmcm.fd
File: omlztmcm.fd 2000/01/03 Fontinst v1.801 font definitions for OML/ztmcm.
)
LaTeX Font Info:    Trying to load font information for OMS+ztmcm on input line 63.
 (/usr/local/texlive/2025/texmf-dist/tex/latex/psnfss/omsztmcm.fd
File: omsztmcm.fd 2000/01/03 Fontinst v1.801 font definitions for OMS/ztmcm.
)
LaTeX Font Info:    Trying to load font information for OMX+ztmcm on input line 63.
 (/usr/local/texlive/2025/texmf-dist/tex/latex/psnfss/omxztmcm.fd
File: omxztmcm.fd 2000/01/03 Fontinst v1.801 font definitions for OMX/ztmcm.
)
LaTeX Font Info:    Font shape `OT1/ptm/bx/n' in size <12> not available
(Font)              Font shape `OT1/ptm/b/n' tried instead on input line 63.
LaTeX Font Info:    Font shape `OT1/ptm/bx/n' in size <9> not available
(Font)              Font shape `OT1/ptm/b/n' tried instead on input line 63.
LaTeX Font Info:    Font shape `OT1/ptm/bx/n' in size <7> not available
(Font)              Font shape `OT1/ptm/b/n' tried instead on input line 63.


[1



{/usr/local/texlive/2025/texmf-var/fonts/map/pdftex/updmap/pdftex.map}{/usr/local/texlive/2025/texmf-dist/fonts/enc/dvips/base/8r.enc}]

[2]

[3]

[4]

[5] (./RLeeDissertation.toc

[6]

[7])
\tf@toc=\write5
\openout5 = `RLeeDissertation.toc'.



[8] (./RLeeDissertation.lof

[9]

[10]

[11]

[12])
\tf@lof=\write6
\openout6 = `RLeeDissertation.lof'.



[13] (./RLeeDissertation.lot)
\tf@lot=\write7
\openout7 = `RLeeDissertation.lot'.



[14]

[15]

[16]

[17]

[18]

[1


]

[2]
Chapter 1.


[3

]
<./Figures/HiggsProdModes_From10YearReview.png, id=782, 987.69pt x 449.68pt>
File: ./Figures/HiggsProdModes_From10YearReview.png Graphic file (type png)
<use ./Figures/HiggsProdModes_From10YearReview.png>
Package pdftex.def Info: ./Figures/HiggsProdModes_From10YearReview.png  used on input line 212.
(pdftex.def)             Requested size: 455.30016pt x 207.28758pt.
<./Figures/SingleHProdCrossSections_From10YearReview.png, id=784, 638.385pt x 905.3825pt>
File: ./Figures/SingleHProdCrossSections_From10YearReview.png Graphic file (type png)
<use ./Figures/SingleHProdCrossSections_From10YearReview.png>
Package pdftex.def Info: ./Figures/SingleHProdCrossSections_From10YearReview.png  used on input line 218.
(pdftex.def)             Requested size: 455.30016pt x 645.72723pt.


[4]

[5 <./Figures/HiggsProdModes_From10YearReview.png>]
Overfull \vbox (34.25208pt too high) has occurred while \output is active []



[6 <./Figures/SingleHProdCrossSections_From10YearReview.png>]
<./Figures/HiggsDecayModes_From10YearReview.png, id=801, 651.43375pt x 449.68pt>
File: ./Figures/HiggsDecayModes_From10YearReview.png Graphic file (type png)
<use ./Figures/HiggsDecayModes_From10YearReview.png>
Package pdftex.def Info: ./Figures/HiggsDecayModes_From10YearReview.png  used on input line 225.
(pdftex.def)             Requested size: 455.30016pt x 314.3004pt.

Underfull \hbox (badness 1472) in paragraph at lines 226--226
[]\OT1/ptm/b/n/12 (+20) Figure 1.3. |\OT1/ptm/m/n/12 (+20) Feyn-man di-a-grams of known Higgs de-cay modes. Re-pro-duced from
 []

<./Figures/SingleHBranchFracts_From10YearReview.png, id=802, 628.3475pt x 900.36375pt>
File: ./Figures/SingleHBranchFracts_From10YearReview.png Graphic file (type png)
<use ./Figures/SingleHBranchFracts_From10YearReview.png>
Package pdftex.def Info: ./Figures/SingleHBranchFracts_From10YearReview.png  used on input line 231.
(pdftex.def)             Requested size: 455.30016pt x 652.39668pt.

Underfull \hbox (badness 3668) in paragraph at lines 232--232
[]\OT1/ptm/b/n/12 (+20) Figure 1.4. |\OT1/ptm/m/n/12 (+20) De-cay branch-ing frac-tions for a sin-gle Higgs. Re-pro-duced from
 []



[7 <./Figures/HiggsDecayModes_From10YearReview.png>]
Overfull \vbox (55.42152pt too high) has occurred while \output is active []



[8 <./Figures/SingleHBranchFracts_From10YearReview.png>]
LaTeX Font Info:    Font shape `OT1/ptm/bx/n' in size <17.28> not available
(Font)              Font shape `OT1/ptm/b/n' tried instead on input line 235.
LaTeX Font Info:    Font shape `OT1/ptm/bx/n' in size <10> not available
(Font)              Font shape `OT1/ptm/b/n' tried instead on input line 235.


Package hyperref Warning: Token not allowed in a PDF string (Unicode):
(hyperref)                removing `math shift' on input line 235.


Package hyperref Warning: Token not allowed in a PDF string (Unicode):
(hyperref)                removing `\rightarrow' on input line 235.


Package hyperref Warning: Token not allowed in a PDF string (Unicode):
(hyperref)                removing `\gamma' on input line 235.


Package hyperref Warning: Token not allowed in a PDF string (Unicode):
(hyperref)                removing `\gamma' on input line 235.


Package hyperref Warning: Token not allowed in a PDF string (Unicode):
(hyperref)                removing `math shift' on input line 235.

<./Figures/DiHiggsProdModes_From10YearReview.png, id=816, 1294.8375pt x 188.705pt>
File: ./Figures/DiHiggsProdModes_From10YearReview.png Graphic file (type png)
<use ./Figures/DiHiggsProdModes_From10YearReview.png>
Package pdftex.def Info: ./Figures/DiHiggsProdModes_From10YearReview.png  used on input line 242.
(pdftex.def)             Requested size: 455.30016pt x 66.35295pt.

Underfull \hbox (badness 1472) in paragraph at lines 243--243
[]\OT1/ptm/b/n/12 (+20) Figure 1.5. |\OT1/ptm/m/n/12 (+20) Feyn-man di-a-grams of known Higgs de-cay modes. Re-pro-duced from
 []

LaTeX Font Info:    Font shape `OT1/ptm/bx/n' in size <14.4> not available
(Font)              Font shape `OT1/ptm/b/n' tried instead on input line 247.
LaTeX Font Info:    Font shape `OT1/ptm/bx/n' in size <10.95> not available
(Font)              Font shape `OT1/ptm/b/n' tried instead on input line 247.
LaTeX Font Info:    Font shape `OT1/ptm/bx/n' in size <8> not available
(Font)              Font shape `OT1/ptm/b/n' tried instead on input line 247.

Package hyperref Warning: Token not allowed in a PDF string (Unicode):
(hyperref)                removing `math shift' on input line 247.


Package hyperref Warning: Token not allowed in a PDF string (Unicode):
(hyperref)                removing `\rightarrow' on input line 247.


Package hyperref Warning: Token not allowed in a PDF string (Unicode):
(hyperref)                removing `\gamma' on input line 247.


Package hyperref Warning: Token not allowed in a PDF string (Unicode):
(hyperref)                removing `\gamma' on input line 247.


Package hyperref Warning: Token not allowed in a PDF string (Unicode):
(hyperref)                removing `math shift' on input line 247.



[9 <./Figures/DiHiggsProdModes_From10YearReview.png>]
Chapter 2.


[10

]
<./Figures/FullCMS.png, id=828, 2392.43813pt x 1690.06406pt>
File: ./Figures/FullCMS.png Graphic file (type png)
<use ./Figures/FullCMS.png>
Package pdftex.def Info: ./Figures/FullCMS.png  used on input line 262.
(pdftex.def)             Requested size: 455.30016pt x 321.63127pt.


LaTeX Warning: `!h' float specifier changed to `!ht'.



[11]

[12 <./Figures/FullCMS.png>]
<./Figures/PixelDetector.png, id=842, 1110.1475pt x 368.37625pt>
File: ./Figures/PixelDetector.png Graphic file (type png)
<use ./Figures/PixelDetector.png>
Package pdftex.def Info: ./Figures/PixelDetector.png  used on input line 280.
(pdftex.def)             Requested size: 455.30016pt x 151.0802pt.


LaTeX Warning: `!h' float specifier changed to `!ht'.



[13]
<./Figures/FullTracker.png, id=849, 885.3075pt x 368.37625pt>
File: ./Figures/FullTracker.png Graphic file (type png)
<use ./Figures/FullTracker.png>
Package pdftex.def Info: ./Figures/FullTracker.png  used on input line 291.
(pdftex.def)             Requested size: 455.30016pt x 189.4545pt.


LaTeX Warning: `!h' float specifier changed to `!ht'.



[14 <./Figures/PixelDetector.png>]

[15 <./Figures/FullTracker.png>]

[16]
Chapter 3.


[17

]

[18]

[19]
<./Figures/L1TriggerArchitecture.png, id=898, 729.72626pt x 697.60625pt>
File: ./Figures/L1TriggerArchitecture.png Graphic file (type png)
<use ./Figures/L1TriggerArchitecture.png>
Package pdftex.def Info: ./Figures/L1TriggerArchitecture.png  used on input line 327.
(pdftex.def)             Requested size: 341.47511pt x 326.43796pt.


Package hyperref Warning: Token not allowed in a PDF string (Unicode):
(hyperref)                removing `math shift' on input line 331.


Package hyperref Warning: Token not allowed in a PDF string (Unicode):
(hyperref)                removing `\gamma' on input line 331.


Package hyperref Warning: Token not allowed in a PDF string (Unicode):
(hyperref)                removing `math shift' on input line 331.



[20 <./Figures/L1TriggerArchitecture.png>]

[21]
Chapter 4.


[22

]

[23]
Chapter 5.

Package hyperref Warning: Token not allowed in a PDF string (Unicode):
(hyperref)                removing `math shift' on input line 364.


Package hyperref Warning: Token not allowed in a PDF string (Unicode):
(hyperref)                removing `\rightarrow' on input line 364.


Package hyperref Warning: Token not allowed in a PDF string (Unicode):
(hyperref)                removing `\gamma' on input line 364.


Package hyperref Warning: Token not allowed in a PDF string (Unicode):
(hyperref)                removing `\gamma' on input line 364.


Package hyperref Warning: Token not allowed in a PDF string (Unicode):
(hyperref)                removing `math shift' on input line 364.


LaTeX Warning: Reference `sec:timing' on page 24 undefined on input line 367.



[24

]

[25]

LaTeX Warning: Reference `chater:Theory' on page 26 undefined on input line 381.



[26]

[27]
<./Figures/Trigger Training Plots/0713_2026_NormalizedTrainingVars/rawEnergy.png, id=953, 901.3675pt x 879.285pt>
File: ./Figures/Trigger Training Plots/0713_2026_NormalizedTrainingVars/rawEnergy.png Graphic file (type png)
<use ./Figures/Trigger Training Plots/0713_2026_NormalizedTrainingVars/rawEnergy.png>
Package pdftex.def Info: ./Figures/Trigger Training Plots/0713_2026_NormalizedTrainingVars/rawEnergy.png  used on input line 415.
(pdftex.def)             Requested size: 227.65007pt x 222.06131pt.
<./Figures/Trigger Training Plots/0713_2026_NormalizedTrainingVars/r9.png, id=954, 901.3675pt x 879.285pt>
File: ./Figures/Trigger Training Plots/0713_2026_NormalizedTrainingVars/r9.png Graphic file (type png)
<use ./Figures/Trigger Training Plots/0713_2026_NormalizedTrainingVars/r9.png>
Package pdftex.def Info: ./Figures/Trigger Training Plots/0713_2026_NormalizedTrainingVars/r9.png  used on input line 420.
(pdftex.def)             Requested size: 227.65007pt x 222.06131pt.
LaTeX Font Info:    Font shape `OT1/ptm/bx/n' in size <6> not available
(Font)              Font shape `OT1/ptm/b/n' tried instead on input line 421.


[28 <./Figures/Trigger Training Plots/0713_2026_NormalizedTrainingVars/rawEnergy.png> <./Figures/Trigger Training Plots/0713_2026_NormalizedTrainingVars/r9.png>]
<./Figures/Trigger Training Plots/0713_2026_NormalizedTrainingVars/siEtaiEta.png, id=961, 901.3675pt x 879.285pt>
File: ./Figures/Trigger Training Plots/0713_2026_NormalizedTrainingVars/siEtaiEta.png Graphic file (type png)
<use ./Figures/Trigger Training Plots/0713_2026_NormalizedTrainingVars/siEtaiEta.png>
Package pdftex.def Info: ./Figures/Trigger Training Plots/0713_2026_NormalizedTrainingVars/siEtaiEta.png  used on input line 432.
(pdftex.def)             Requested size: 227.65007pt x 222.06131pt.
<./Figures/Trigger Training Plots/0713_2026_NormalizedTrainingVars/eta.png, id=962, 901.3675pt x 879.285pt>
File: ./Figures/Trigger Training Plots/0713_2026_NormalizedTrainingVars/eta.png Graphic file (type png)
<use ./Figures/Trigger Training Plots/0713_2026_NormalizedTrainingVars/eta.png>
Package pdftex.def Info: ./Figures/Trigger Training Plots/0713_2026_NormalizedTrainingVars/eta.png  used on input line 437.
(pdftex.def)             Requested size: 227.65007pt x 222.06131pt.
<./Figures/Trigger Training Plots/0713_2026_NormalizedTrainingVars/etaW.png, id=965, 901.3675pt x 879.285pt>
File: ./Figures/Trigger Training Plots/0713_2026_NormalizedTrainingVars/etaW.png Graphic file (type png)
<use ./Figures/Trigger Training Plots/0713_2026_NormalizedTrainingVars/etaW.png>
Package pdftex.def Info: ./Figures/Trigger Training Plots/0713_2026_NormalizedTrainingVars/etaW.png  used on input line 450.
(pdftex.def)             Requested size: 227.65007pt x 222.06131pt.
<./Figures/Trigger Training Plots/0713_2026_NormalizedTrainingVars/phiW.png, id=966, 901.3675pt x 879.285pt>
File: ./Figures/Trigger Training Plots/0713_2026_NormalizedTrainingVars/phiW.png Graphic file (type png)
<use ./Figures/Trigger Training Plots/0713_2026_NormalizedTrainingVars/phiW.png>
Package pdftex.def Info: ./Figures/Trigger Training Plots/0713_2026_NormalizedTrainingVars/phiW.png  used on input line 455.
(pdftex.def)             Requested size: 227.65007pt x 222.06131pt.


[29 <./Figures/Trigger Training Plots/0713_2026_NormalizedTrainingVars/siEtaiEta.png> <./Figures/Trigger Training Plots/0713_2026_NormalizedTrainingVars/eta.png>]
<./Figures/Trigger Training Plots/0713_2026_NormalizedTrainingVars/HoE.png, id=972, 901.3675pt x 879.285pt>
File: ./Figures/Trigger Training Plots/0713_2026_NormalizedTrainingVars/HoE.png Graphic file (type png)
<use ./Figures/Trigger Training Plots/0713_2026_NormalizedTrainingVars/HoE.png>
Package pdftex.def Info: ./Figures/Trigger Training Plots/0713_2026_NormalizedTrainingVars/HoE.png  used on input line 467.
(pdftex.def)             Requested size: 227.65007pt x 222.06131pt.
<./Figures/Trigger Training Plots/0713_2026_NormalizedTrainingVars/iso.png, id=973, 901.3675pt x 879.285pt>
File: ./Figures/Trigger Training Plots/0713_2026_NormalizedTrainingVars/iso.png Graphic file (type png)
<use ./Figures/Trigger Training Plots/0713_2026_NormalizedTrainingVars/iso.png>
Package pdftex.def Info: ./Figures/Trigger Training Plots/0713_2026_NormalizedTrainingVars/iso.png  used on input line 472.
(pdftex.def)             Requested size: 227.65007pt x 222.06131pt.


[30 <./Figures/Trigger Training Plots/0713_2026_NormalizedTrainingVars/etaW.png> <./Figures/Trigger Training Plots/0713_2026_NormalizedTrainingVars/phiW.png>]

[31 <./Figures/Trigger Training Plots/0713_2026_NormalizedTrainingVars/HoE.png> <./Figures/Trigger Training Plots/0713_2026_NormalizedTrainingVars/iso.png>]

[32]

[33]
<./Figures/Trigger Training Plots/0618_ScorePlotsNoCuts/highandLowScore_XGBCut_M90_Sig_0617_All.png, id=999, 901.3675pt x 879.285pt>
File: ./Figures/Trigger Training Plots/0618_ScorePlotsNoCuts/highandLowScore_XGBCut_M90_Sig_0617_All.png Graphic file (type png)
<use ./Figures/Trigger Training Plots/0618_ScorePlotsNoCuts/highandLowScore_XGBCut_M90_Sig_0617_All.png>
Package pdftex.def Info: ./Figures/Trigger Training Plots/0618_ScorePlotsNoCuts/highandLowScore_XGBCut_M90_Sig_0617_All.png  used on input line 506.
(pdftex.def)             Requested size: 218.54211pt x 213.1794pt.
<./Figures/Trigger Training Plots/0618_ScorePlotsNoCuts/highandLowScore_XGBCut_M90_Bkg_0617_All.png, id=1000, 901.3675pt x 879.285pt>
File: ./Figures/Trigger Training Plots/0618_ScorePlotsNoCuts/highandLowScore_XGBCut_M90_Bkg_0617_All.png Graphic file (type png)
<use ./Figures/Trigger Training Plots/0618_ScorePlotsNoCuts/highandLowScore_XGBCut_M90_Bkg_0617_All.png>
Package pdftex.def Info: ./Figures/Trigger Training Plots/0618_ScorePlotsNoCuts/highandLowScore_XGBCut_M90_Bkg_0617_All.png  used on input line 509.
(pdftex.def)             Requested size: 218.54211pt x 213.1794pt.


[34]

[35 <./Figures/Trigger Training Plots/0618_ScorePlotsNoCuts/highandLowScore_XGBCut_M90_Sig_0617_All.png> <./Figures/Trigger Training Plots/0618_ScorePlotsNoCuts/highandLowScore_XGBCut_M90_Bkg_0617_All.png>]
<./Figures/Trigger Training Plots/0618_ScorePlotsWithCuts/highandLowScore_XGBCut_M90_Sig_0617_BB.png, id=1018, 901.3675pt x 879.285pt>
File: ./Figures/Trigger Training Plots/0618_ScorePlotsWithCuts/highandLowScore_XGBCut_M90_Sig_0617_BB.png Graphic file (type png)
<use ./Figures/Trigger Training Plots/0618_ScorePlotsWithCuts/highandLowScore_XGBCut_M90_Sig_0617_BB.png>
Package pdftex.def Info: ./Figures/Trigger Training Plots/0618_ScorePlotsWithCuts/highandLowScore_XGBCut_M90_Sig_0617_BB.png  used on input line 557.
(pdftex.def)             Requested size: 218.54211pt x 213.1794pt.
<./Figures/Trigger Training Plots/0618_ScorePlotsWithCuts/highandLowScore_XGBCut_M90_Bkg_0617_BB.png, id=1019, 901.3675pt x 879.285pt>
File: ./Figures/Trigger Training Plots/0618_ScorePlotsWithCuts/highandLowScore_XGBCut_M90_Bkg_0617_BB.png Graphic file (type png)
<use ./Figures/Trigger Training Plots/0618_ScorePlotsWithCuts/highandLowScore_XGBCut_M90_Bkg_0617_BB.png>
Package pdftex.def Info: ./Figures/Trigger Training Plots/0618_ScorePlotsWithCuts/highandLowScore_XGBCut_M90_Bkg_0617_BB.png  used on input line 560.
(pdftex.def)             Requested size: 218.54211pt x 213.1794pt.


[36]
<./Figures/Trigger Training Plots/0618_ScorePlotsWithCuts/highandLowScore_XGBCut_M90_Sig_0617_EE.png, id=1026, 901.3675pt x 879.285pt>
File: ./Figures/Trigger Training Plots/0618_ScorePlotsWithCuts/highandLowScore_XGBCut_M90_Sig_0617_EE.png Graphic file (type png)
<use ./Figures/Trigger Training Plots/0618_ScorePlotsWithCuts/highandLowScore_XGBCut_M90_Sig_0617_EE.png>
Package pdftex.def Info: ./Figures/Trigger Training Plots/0618_ScorePlotsWithCuts/highandLowScore_XGBCut_M90_Sig_0617_EE.png  used on input line 569.
(pdftex.def)             Requested size: 218.54211pt x 213.1794pt.
<./Figures/Trigger Training Plots/0618_ScorePlotsWithCuts/highandLowScore_XGBCut_M90_Bkg_0617_EE.png, id=1027, 901.3675pt x 879.285pt>
File: ./Figures/Trigger Training Plots/0618_ScorePlotsWithCuts/highandLowScore_XGBCut_M90_Bkg_0617_EE.png Graphic file (type png)
<use ./Figures/Trigger Training Plots/0618_ScorePlotsWithCuts/highandLowScore_XGBCut_M90_Bkg_0617_EE.png>
Package pdftex.def Info: ./Figures/Trigger Training Plots/0618_ScorePlotsWithCuts/highandLowScore_XGBCut_M90_Bkg_0617_EE.png  used on input line 572.
(pdftex.def)             Requested size: 218.54211pt x 213.1794pt.


[37 <./Figures/Trigger Training Plots/0618_ScorePlotsWithCuts/highandLowScore_XGBCut_M90_Sig_0617_BB.png> <./Figures/Trigger Training Plots/0618_ScorePlotsWithCuts/highandLowScore_XGBCut_M90_Bkg_0617_BB.png> <./Figures/Trigger Training Plots/0618_ScorePlotsWithCuts/highandLowScore_XGBCut_M90_Sig_0617_EE.png> <./Figures/Trigger Training Plots/0618_ScorePlotsWithCuts/highandLowScore_XGBCut_M90_Bkg_0617_EE.png>]
<./Figures/Trigger Training Plots/0618_OnlineValidationPlots/mass_All_Sig.png, id=1034, 901.3675pt x 879.285pt>
File: ./Figures/Trigger Training Plots/0618_OnlineValidationPlots/mass_All_Sig.png Graphic file (type png)
<use ./Figures/Trigger Training Plots/0618_OnlineValidationPlots/mass_All_Sig.png>
Package pdftex.def Info: ./Figures/Trigger Training Plots/0618_OnlineValidationPlots/mass_All_Sig.png  used on input line 585.
(pdftex.def)             Requested size: 273.18286pt x 266.48431pt.
<./Figures/Trigger Training Plots/0618_OnlineValidationPlots/mass_All_Bkg.png, id=1035, 901.3675pt x 879.285pt>
File: ./Figures/Trigger Training Plots/0618_OnlineValidationPlots/mass_All_Bkg.png Graphic file (type png)
<use ./Figures/Trigger Training Plots/0618_OnlineValidationPlots/mass_All_Bkg.png>
Package pdftex.def Info: ./Figures/Trigger Training Plots/0618_OnlineValidationPlots/mass_All_Bkg.png  used on input line 588.
(pdftex.def)             Requested size: 273.18286pt x 266.48431pt.


[38]

[39 <./Figures/Trigger Training Plots/0618_OnlineValidationPlots/mass_All_Sig.png> <./Figures/Trigger Training Plots/0618_OnlineValidationPlots/mass_All_Bkg.png>]
<./Figures/Trigger Training Plots/0618_OnlineValidationPlots/eta_All_Sig.png, id=1045, 901.3675pt x 879.285pt>
File: ./Figures/Trigger Training Plots/0618_OnlineValidationPlots/eta_All_Sig.png Graphic file (type png)
<use ./Figures/Trigger Training Plots/0618_OnlineValidationPlots/eta_All_Sig.png>
Package pdftex.def Info: ./Figures/Trigger Training Plots/0618_OnlineValidationPlots/eta_All_Sig.png  used on input line 604.
(pdftex.def)             Requested size: 273.18286pt x 266.48431pt.
<./Figures/Trigger Training Plots/0618_OnlineValidationPlots/eta_All_Bkg.png, id=1046, 901.3675pt x 879.285pt>
File: ./Figures/Trigger Training Plots/0618_OnlineValidationPlots/eta_All_Bkg.png Graphic file (type png)
<use ./Figures/Trigger Training Plots/0618_OnlineValidationPlots/eta_All_Bkg.png>
Package pdftex.def Info: ./Figures/Trigger Training Plots/0618_OnlineValidationPlots/eta_All_Bkg.png  used on input line 607.
(pdftex.def)             Requested size: 273.18286pt x 266.48431pt.


[40]

[41 <./Figures/Trigger Training Plots/0618_OnlineValidationPlots/eta_All_Sig.png> <./Figures/Trigger Training Plots/0618_OnlineValidationPlots/eta_All_Bkg.png>]
<./Figures/Trigger Training Plots/0618_OnlineValidationPlots/et_All_Sig.png, id=1056, 901.3675pt x 879.285pt>
File: ./Figures/Trigger Training Plots/0618_OnlineValidationPlots/et_All_Sig.png Graphic file (type png)
<use ./Figures/Trigger Training Plots/0618_OnlineValidationPlots/et_All_Sig.png>
Package pdftex.def Info: ./Figures/Trigger Training Plots/0618_OnlineValidationPlots/et_All_Sig.png  used on input line 622.
(pdftex.def)             Requested size: 273.18286pt x 266.48431pt.
<./Figures/Trigger Training Plots/0618_OnlineValidationPlots/et_All_Bkg.png, id=1057, 901.3675pt x 879.285pt>
File: ./Figures/Trigger Training Plots/0618_OnlineValidationPlots/et_All_Bkg.png Graphic file (type png)
<use ./Figures/Trigger Training Plots/0618_OnlineValidationPlots/et_All_Bkg.png>
Package pdftex.def Info: ./Figures/Trigger Training Plots/0618_OnlineValidationPlots/et_All_Bkg.png  used on input line 625.
(pdftex.def)             Requested size: 273.18286pt x 266.48431pt.


[42]

[43 <./Figures/Trigger Training Plots/0618_OnlineValidationPlots/et_All_Sig.png> <./Figures/Trigger Training Plots/0618_OnlineValidationPlots/et_All_Bkg.png>]

[44]

LaTeX Warning: Reference `sec:confDB' on page 45 undefined on input line 673.



[45]
Chapter 6.


[46

]

[47]

[48]

[49]
<./Figures/Offline Selection Plots/0709_Updated_GJet_TrainingPlots/SCRawE.png, id=1109, 901.3675pt x 877.2775pt>
File: ./Figures/Offline Selection Plots/0709_Updated_GJet_TrainingPlots/SCRawE.png Graphic file (type png)
<use ./Figures/Offline Selection Plots/0709_Updated_GJet_TrainingPlots/SCRawE.png>
Package pdftex.def Info: ./Figures/Offline Selection Plots/0709_Updated_GJet_TrainingPlots/SCRawE.png  used on input line 767.
(pdftex.def)             Requested size: 227.65007pt x 221.55432pt.
<./Figures/Offline Selection Plots/0709_Updated_GJet_TrainingPlots/scEta.png, id=1110, 901.3675pt x 877.2775pt>
File: ./Figures/Offline Selection Plots/0709_Updated_GJet_TrainingPlots/scEta.png Graphic file (type png)
<use ./Figures/Offline Selection Plots/0709_Updated_GJet_TrainingPlots/scEta.png>
Package pdftex.def Info: ./Figures/Offline Selection Plots/0709_Updated_GJet_TrainingPlots/scEta.png  used on input line 772.
(pdftex.def)             Requested size: 227.65007pt x 221.55432pt.
<./Figures/Offline Selection Plots/0709_Updated_GJet_TrainingPlots/r9.png, id=1112, 901.3675pt x 877.2775pt>
File: ./Figures/Offline Selection Plots/0709_Updated_GJet_TrainingPlots/r9.png Graphic file (type png)
<use ./Figures/Offline Selection Plots/0709_Updated_GJet_TrainingPlots/r9.png>
Package pdftex.def Info: ./Figures/Offline Selection Plots/0709_Updated_GJet_TrainingPlots/r9.png  used on input line 784.
(pdftex.def)             Requested size: 227.65007pt x 221.55432pt.
<./Figures/Offline Selection Plots/0709_Updated_GJet_TrainingPlots/s4.png, id=1113, 901.3675pt x 877.2775pt>
File: ./Figures/Offline Selection Plots/0709_Updated_GJet_TrainingPlots/s4.png Graphic file (type png)
<use ./Figures/Offline Selection Plots/0709_Updated_GJet_TrainingPlots/s4.png>
Package pdftex.def Info: ./Figures/Offline Selection Plots/0709_Updated_GJet_TrainingPlots/s4.png  used on input line 789.
(pdftex.def)             Requested size: 227.65007pt x 221.55432pt.


[50 <./Figures/Offline Selection Plots/0709_Updated_GJet_TrainingPlots/SCRawE.png> <./Figures/Offline Selection Plots/0709_Updated_GJet_TrainingPlots/scEta.png>]
<./Figures/Offline Selection Plots/0709_Updated_GJet_TrainingPlots/sigmaIetaIeta.png, id=1120, 901.3675pt x 877.2775pt>
File: ./Figures/Offline Selection Plots/0709_Updated_GJet_TrainingPlots/sigmaIetaIeta.png Graphic file (type png)
<use ./Figures/Offline Selection Plots/0709_Updated_GJet_TrainingPlots/sigmaIetaIeta.png>
Package pdftex.def Info: ./Figures/Offline Selection Plots/0709_Updated_GJet_TrainingPlots/sigmaIetaIeta.png  used on input line 801.
(pdftex.def)             Requested size: 227.65007pt x 221.55432pt.
<./Figures/Offline Selection Plots/0709_Updated_GJet_TrainingPlots/covIEtaIPhi.png, id=1121, 901.3675pt x 877.2775pt>
File: ./Figures/Offline Selection Plots/0709_Updated_GJet_TrainingPlots/covIEtaIPhi.png Graphic file (type png)
<use ./Figures/Offline Selection Plots/0709_Updated_GJet_TrainingPlots/covIEtaIPhi.png>
Package pdftex.def Info: ./Figures/Offline Selection Plots/0709_Updated_GJet_TrainingPlots/covIEtaIPhi.png  used on input line 806.
(pdftex.def)             Requested size: 227.65007pt x 221.55432pt.


[51 <./Figures/Offline Selection Plots/0709_Updated_GJet_TrainingPlots/r9.png> <./Figures/Offline Selection Plots/0709_Updated_GJet_TrainingPlots/s4.png>]
<./Figures/Offline Selection Plots/0709_Updated_GJet_TrainingPlots/etaWidth.png, id=1127, 901.3675pt x 877.2775pt>
File: ./Figures/Offline Selection Plots/0709_Updated_GJet_TrainingPlots/etaWidth.png Graphic file (type png)
<use ./Figures/Offline Selection Plots/0709_Updated_GJet_TrainingPlots/etaWidth.png>
Package pdftex.def Info: ./Figures/Offline Selection Plots/0709_Updated_GJet_TrainingPlots/etaWidth.png  used on input line 818.
(pdftex.def)             Requested size: 227.65007pt x 221.55432pt.
<./Figures/Offline Selection Plots/0709_Updated_GJet_TrainingPlots/phiWidth.png, id=1128, 901.3675pt x 877.2775pt>
File: ./Figures/Offline Selection Plots/0709_Updated_GJet_TrainingPlots/phiWidth.png Graphic file (type png)
<use ./Figures/Offline Selection Plots/0709_Updated_GJet_TrainingPlots/phiWidth.png>
Package pdftex.def Info: ./Figures/Offline Selection Plots/0709_Updated_GJet_TrainingPlots/phiWidth.png  used on input line 823.
(pdftex.def)             Requested size: 227.65007pt x 221.55432pt.


[52 <./Figures/Offline Selection Plots/0709_Updated_GJet_TrainingPlots/sigmaIetaIeta.png> <./Figures/Offline Selection Plots/0709_Updated_GJet_TrainingPlots/covIEtaIPhi.png>]
<./Figures/Offline Selection Plots/0709_Updated_GJet_TrainingPlots/hadronicOverEm.png, id=1134, 901.3675pt x 877.2775pt>
File: ./Figures/Offline Selection Plots/0709_Updated_GJet_TrainingPlots/hadronicOverEm.png Graphic file (type png)
<use ./Figures/Offline Selection Plots/0709_Updated_GJet_TrainingPlots/hadronicOverEm.png>
Package pdftex.def Info: ./Figures/Offline Selection Plots/0709_Updated_GJet_TrainingPlots/hadronicOverEm.png  used on input line 835.
(pdftex.def)             Requested size: 227.65007pt x 221.55432pt.
<./Figures/Offline Selection Plots/0709_Updated_GJet_TrainingPlots/phoIso03.png, id=1135, 901.3675pt x 877.2775pt>
File: ./Figures/Offline Selection Plots/0709_Updated_GJet_TrainingPlots/phoIso03.png Graphic file (type png)
<use ./Figures/Offline Selection Plots/0709_Updated_GJet_TrainingPlots/phoIso03.png>
Package pdftex.def Info: ./Figures/Offline Selection Plots/0709_Updated_GJet_TrainingPlots/phoIso03.png  used on input line 840.
(pdftex.def)             Requested size: 227.65007pt x 221.55432pt.


[53 <./Figures/Offline Selection Plots/0709_Updated_GJet_TrainingPlots/etaWidth.png> <./Figures/Offline Selection Plots/0709_Updated_GJet_TrainingPlots/phiWidth.png>]
<./Figures/Offline Selection Plots/0709_Updated_GJet_TrainingPlots/chgIsoWrtWorstVtx.png, id=1143, 901.3675pt x 877.2775pt>
File: ./Figures/Offline Selection Plots/0709_Updated_GJet_TrainingPlots/chgIsoWrtWorstVtx.png Graphic file (type png)
<use ./Figures/Offline Selection Plots/0709_Updated_GJet_TrainingPlots/chgIsoWrtWorstVtx.png>
Package pdftex.def Info: ./Figures/Offline Selection Plots/0709_Updated_GJet_TrainingPlots/chgIsoWrtWorstVtx.png  used on input line 852.
(pdftex.def)             Requested size: 227.65007pt x 221.55432pt.
<./Figures/Offline Selection Plots/0709_Updated_GJet_TrainingPlots/chgIsoWrtChosenVtx.png, id=1144, 901.3675pt x 877.2775pt>
File: ./Figures/Offline Selection Plots/0709_Updated_GJet_TrainingPlots/chgIsoWrtChosenVtx.png Graphic file (type png)
<use ./Figures/Offline Selection Plots/0709_Updated_GJet_TrainingPlots/chgIsoWrtChosenVtx.png>
Package pdftex.def Info: ./Figures/Offline Selection Plots/0709_Updated_GJet_TrainingPlots/chgIsoWrtChosenVtx.png  used on input line 857.
(pdftex.def)             Requested size: 227.65007pt x 221.55432pt.


[54 <./Figures/Offline Selection Plots/0709_Updated_GJet_TrainingPlots/hadronicOverEm.png> <./Figures/Offline Selection Plots/0709_Updated_GJet_TrainingPlots/phoIso03.png>]
<./Figures/Offline Selection Plots/0709_Updated_GJet_TrainingPlots/esEffSigmaRR.png, id=1149, 901.3675pt x 877.2775pt>
File: ./Figures/Offline Selection Plots/0709_Updated_GJet_TrainingPlots/esEffSigmaRR.png Graphic file (type png)
<use ./Figures/Offline Selection Plots/0709_Updated_GJet_TrainingPlots/esEffSigmaRR.png>
Package pdftex.def Info: ./Figures/Offline Selection Plots/0709_Updated_GJet_TrainingPlots/esEffSigmaRR.png  used on input line 869.
(pdftex.def)             Requested size: 227.65007pt x 221.55432pt.
<./Figures/Offline Selection Plots/0709_Updated_GJet_TrainingPlots/esEnergyOverRawE.png, id=1150, 901.3675pt x 877.2775pt>
File: ./Figures/Offline Selection Plots/0709_Updated_GJet_TrainingPlots/esEnergyOverRawE.png Graphic file (type png)
<use ./Figures/Offline Selection Plots/0709_Updated_GJet_TrainingPlots/esEnergyOverRawE.png>
Package pdftex.def Info: ./Figures/Offline Selection Plots/0709_Updated_GJet_TrainingPlots/esEnergyOverRawE.png  used on input line 874.
(pdftex.def)             Requested size: 227.65007pt x 221.55432pt.


[55 <./Figures/Offline Selection Plots/0709_Updated_GJet_TrainingPlots/chgIsoWrtWorstVtx.png> <./Figures/Offline Selection Plots/0709_Updated_GJet_TrainingPlots/chgIsoWrtChosenVtx.png>]

[56 <./Figures/Offline Selection Plots/0709_Updated_GJet_TrainingPlots/esEffSigmaRR.png> <./Figures/Offline Selection Plots/0709_Updated_GJet_TrainingPlots/esEnergyOverRawE.png>]
<./Figures/Offline Selection Plots/0709_Updated_DataMC_TrainingPlots/SCRawE.png, id=1161, 901.3675pt x 877.2775pt>
File: ./Figures/Offline Selection Plots/0709_Updated_DataMC_TrainingPlots/SCRawE.png Graphic file (type png)
<use ./Figures/Offline Selection Plots/0709_Updated_DataMC_TrainingPlots/SCRawE.png>
Package pdftex.def Info: ./Figures/Offline Selection Plots/0709_Updated_DataMC_TrainingPlots/SCRawE.png  used on input line 893.
(pdftex.def)             Requested size: 227.65007pt x 221.55432pt.
<./Figures/Offline Selection Plots/0709_Updated_DataMC_TrainingPlots/scEta.png, id=1162, 901.3675pt x 877.2775pt>
File: ./Figures/Offline Selection Plots/0709_Updated_DataMC_TrainingPlots/scEta.png Graphic file (type png)
<use ./Figures/Offline Selection Plots/0709_Updated_DataMC_TrainingPlots/scEta.png>
Package pdftex.def Info: ./Figures/Offline Selection Plots/0709_Updated_DataMC_TrainingPlots/scEta.png  used on input line 898.
(pdftex.def)             Requested size: 227.65007pt x 221.55432pt.


[57]
<./Figures/Offline Selection Plots/0709_Updated_DataMC_TrainingPlots/r9.png, id=1169, 901.3675pt x 877.2775pt>
File: ./Figures/Offline Selection Plots/0709_Updated_DataMC_TrainingPlots/r9.png Graphic file (type png)
<use ./Figures/Offline Selection Plots/0709_Updated_DataMC_TrainingPlots/r9.png>
Package pdftex.def Info: ./Figures/Offline Selection Plots/0709_Updated_DataMC_TrainingPlots/r9.png  used on input line 910.
(pdftex.def)             Requested size: 227.65007pt x 221.55432pt.
<./Figures/Offline Selection Plots/0709_Updated_DataMC_TrainingPlots/s4.png, id=1170, 901.3675pt x 877.2775pt>
File: ./Figures/Offline Selection Plots/0709_Updated_DataMC_TrainingPlots/s4.png Graphic file (type png)
<use ./Figures/Offline Selection Plots/0709_Updated_DataMC_TrainingPlots/s4.png>
Package pdftex.def Info: ./Figures/Offline Selection Plots/0709_Updated_DataMC_TrainingPlots/s4.png  used on input line 915.
(pdftex.def)             Requested size: 227.65007pt x 221.55432pt.


[58 <./Figures/Offline Selection Plots/0709_Updated_DataMC_TrainingPlots/SCRawE.png> <./Figures/Offline Selection Plots/0709_Updated_DataMC_TrainingPlots/scEta.png>]
<./Figures/Offline Selection Plots/0709_Updated_DataMC_TrainingPlots/sigmaIetaIeta.png, id=1177, 901.3675pt x 877.2775pt>
File: ./Figures/Offline Selection Plots/0709_Updated_DataMC_TrainingPlots/sigmaIetaIeta.png Graphic file (type png)
<use ./Figures/Offline Selection Plots/0709_Updated_DataMC_TrainingPlots/sigmaIetaIeta.png>
Package pdftex.def Info: ./Figures/Offline Selection Plots/0709_Updated_DataMC_TrainingPlots/sigmaIetaIeta.png  used on input line 927.
(pdftex.def)             Requested size: 227.65007pt x 221.55432pt.
<./Figures/Offline Selection Plots/0709_Updated_DataMC_TrainingPlots/covIEtaIPhi.png, id=1178, 901.3675pt x 877.2775pt>
File: ./Figures/Offline Selection Plots/0709_Updated_DataMC_TrainingPlots/covIEtaIPhi.png Graphic file (type png)
<use ./Figures/Offline Selection Plots/0709_Updated_DataMC_TrainingPlots/covIEtaIPhi.png>
Package pdftex.def Info: ./Figures/Offline Selection Plots/0709_Updated_DataMC_TrainingPlots/covIEtaIPhi.png  used on input line 932.
(pdftex.def)             Requested size: 227.65007pt x 221.55432pt.


[59 <./Figures/Offline Selection Plots/0709_Updated_DataMC_TrainingPlots/r9.png> <./Figures/Offline Selection Plots/0709_Updated_DataMC_TrainingPlots/s4.png>]
<./Figures/Offline Selection Plots/0709_Updated_DataMC_TrainingPlots/etaWidth.png, id=1184, 901.3675pt x 877.2775pt>
File: ./Figures/Offline Selection Plots/0709_Updated_DataMC_TrainingPlots/etaWidth.png Graphic file (type png)
<use ./Figures/Offline Selection Plots/0709_Updated_DataMC_TrainingPlots/etaWidth.png>
Package pdftex.def Info: ./Figures/Offline Selection Plots/0709_Updated_DataMC_TrainingPlots/etaWidth.png  used on input line 944.
(pdftex.def)             Requested size: 227.65007pt x 221.55432pt.
<./Figures/Offline Selection Plots/0709_Updated_DataMC_TrainingPlots/phiWidth.png, id=1185, 901.3675pt x 877.2775pt>
File: ./Figures/Offline Selection Plots/0709_Updated_DataMC_TrainingPlots/phiWidth.png Graphic file (type png)
<use ./Figures/Offline Selection Plots/0709_Updated_DataMC_TrainingPlots/phiWidth.png>
Package pdftex.def Info: ./Figures/Offline Selection Plots/0709_Updated_DataMC_TrainingPlots/phiWidth.png  used on input line 949.
(pdftex.def)             Requested size: 227.65007pt x 221.55432pt.


[60 <./Figures/Offline Selection Plots/0709_Updated_DataMC_TrainingPlots/sigmaIetaIeta.png> <./Figures/Offline Selection Plots/0709_Updated_DataMC_TrainingPlots/covIEtaIPhi.png>]
<./Figures/Offline Selection Plots/0709_Updated_DataMC_TrainingPlots/hadronicOverEm.png, id=1191, 901.3675pt x 877.2775pt>
File: ./Figures/Offline Selection Plots/0709_Updated_DataMC_TrainingPlots/hadronicOverEm.png Graphic file (type png)
<use ./Figures/Offline Selection Plots/0709_Updated_DataMC_TrainingPlots/hadronicOverEm.png>
Package pdftex.def Info: ./Figures/Offline Selection Plots/0709_Updated_DataMC_TrainingPlots/hadronicOverEm.png  used on input line 961.
(pdftex.def)             Requested size: 227.65007pt x 221.55432pt.
<./Figures/Offline Selection Plots/0709_Updated_DataMC_TrainingPlots/phoIso03.png, id=1192, 901.3675pt x 877.2775pt>
File: ./Figures/Offline Selection Plots/0709_Updated_DataMC_TrainingPlots/phoIso03.png Graphic file (type png)
<use ./Figures/Offline Selection Plots/0709_Updated_DataMC_TrainingPlots/phoIso03.png>
Package pdftex.def Info: ./Figures/Offline Selection Plots/0709_Updated_DataMC_TrainingPlots/phoIso03.png  used on input line 966.
(pdftex.def)             Requested size: 227.65007pt x 221.55432pt.


[61 <./Figures/Offline Selection Plots/0709_Updated_DataMC_TrainingPlots/etaWidth.png> <./Figures/Offline Selection Plots/0709_Updated_DataMC_TrainingPlots/phiWidth.png>]
<./Figures/Offline Selection Plots/0709_Updated_DataMC_TrainingPlots/chgIsoWrtWorstVtx.png, id=1199, 901.3675pt x 877.2775pt>
File: ./Figures/Offline Selection Plots/0709_Updated_DataMC_TrainingPlots/chgIsoWrtWorstVtx.png Graphic file (type png)
<use ./Figures/Offline Selection Plots/0709_Updated_DataMC_TrainingPlots/chgIsoWrtWorstVtx.png>
Package pdftex.def Info: ./Figures/Offline Selection Plots/0709_Updated_DataMC_TrainingPlots/chgIsoWrtWorstVtx.png  used on input line 978.
(pdftex.def)             Requested size: 227.65007pt x 221.55432pt.
<./Figures/Offline Selection Plots/0709_Updated_DataMC_TrainingPlots/chgIsoWrtChosenVtx.png, id=1200, 901.3675pt x 877.2775pt>
File: ./Figures/Offline Selection Plots/0709_Updated_DataMC_TrainingPlots/chgIsoWrtChosenVtx.png Graphic file (type png)
<use ./Figures/Offline Selection Plots/0709_Updated_DataMC_TrainingPlots/chgIsoWrtChosenVtx.png>
Package pdftex.def Info: ./Figures/Offline Selection Plots/0709_Updated_DataMC_TrainingPlots/chgIsoWrtChosenVtx.png  used on input line 983.
(pdftex.def)             Requested size: 227.65007pt x 221.55432pt.


[62 <./Figures/Offline Selection Plots/0709_Updated_DataMC_TrainingPlots/hadronicOverEm.png> <./Figures/Offline Selection Plots/0709_Updated_DataMC_TrainingPlots/phoIso03.png>]
<./Figures/Offline Selection Plots/0709_Updated_DataMC_TrainingPlots/esEffSigmaRR.png, id=1206, 901.3675pt x 877.2775pt>
File: ./Figures/Offline Selection Plots/0709_Updated_DataMC_TrainingPlots/esEffSigmaRR.png Graphic file (type png)
<use ./Figures/Offline Selection Plots/0709_Updated_DataMC_TrainingPlots/esEffSigmaRR.png>
Package pdftex.def Info: ./Figures/Offline Selection Plots/0709_Updated_DataMC_TrainingPlots/esEffSigmaRR.png  used on input line 995.
(pdftex.def)             Requested size: 227.65007pt x 221.55432pt.
<./Figures/Offline Selection Plots/0709_Updated_DataMC_TrainingPlots/esEnergyOverRawE.png, id=1207, 901.3675pt x 877.2775pt>
File: ./Figures/Offline Selection Plots/0709_Updated_DataMC_TrainingPlots/esEnergyOverRawE.png Graphic file (type png)
<use ./Figures/Offline Selection Plots/0709_Updated_DataMC_TrainingPlots/esEnergyOverRawE.png>
Package pdftex.def Info: ./Figures/Offline Selection Plots/0709_Updated_DataMC_TrainingPlots/esEnergyOverRawE.png  used on input line 1000.
(pdftex.def)             Requested size: 227.65007pt x 221.55432pt.


[63 <./Figures/Offline Selection Plots/0709_Updated_DataMC_TrainingPlots/chgIsoWrtWorstVtx.png> <./Figures/Offline Selection Plots/0709_Updated_DataMC_TrainingPlots/chgIsoWrtChosenVtx.png>]

Package hyperref Warning: Token not allowed in a PDF string (Unicode):
(hyperref)                removing `math shift' on input line 1010.


Package hyperref Warning: Token not allowed in a PDF string (Unicode):
(hyperref)                removing `\rightarrow' on input line 1010.


Package hyperref Warning: Token not allowed in a PDF string (Unicode):
(hyperref)                removing `\gamma' on input line 1010.


Package hyperref Warning: Token not allowed in a PDF string (Unicode):
(hyperref)                removing `\gamma' on input line 1010.


Package hyperref Warning: Token not allowed in a PDF string (Unicode):
(hyperref)                removing `math shift' on input line 1010.



[64 <./Figures/Offline Selection Plots/0709_Updated_DataMC_TrainingPlots/esEffSigmaRR.png> <./Figures/Offline Selection Plots/0709_Updated_DataMC_TrainingPlots/esEnergyOverRawE.png>]
<./Figures/Offline Selection Plots/0710_SinglePhoOfflineCuts_SingleSquarePlots/hggMass_All_Sig.png, id=1217, 901.3675pt x 877.2775pt>
File: ./Figures/Offline Selection Plots/0710_SinglePhoOfflineCuts_SingleSquarePlots/hggMass_All_Sig.png Graphic file (type png)
<use ./Figures/Offline Selection Plots/0710_SinglePhoOfflineCuts_SingleSquarePlots/hggMass_All_Sig.png>
Package pdftex.def Info: ./Figures/Offline Selection Plots/0710_SinglePhoOfflineCuts_SingleSquarePlots/hggMass_All_Sig.png  used on input line 1017.
(pdftex.def)             Requested size: 227.65007pt x 221.55432pt.
<./Figures/Offline Selection Plots/0710_SinglePhoOfflineCuts_SingleSquarePlots/hggMass_All_Bkg.png, id=1218, 901.3675pt x 877.2775pt>
File: ./Figures/Offline Selection Plots/0710_SinglePhoOfflineCuts_SingleSquarePlots/hggMass_All_Bkg.png Graphic file (type png)
<use ./Figures/Offline Selection Plots/0710_SinglePhoOfflineCuts_SingleSquarePlots/hggMass_All_Bkg.png>
Package pdftex.def Info: ./Figures/Offline Selection Plots/0710_SinglePhoOfflineCuts_SingleSquarePlots/hggMass_All_Bkg.png  used on input line 1022.
(pdftex.def)             Requested size: 227.65007pt x 221.55432pt.


[65 <./Figures/Offline Selection Plots/0710_SinglePhoOfflineCuts_SingleSquarePlots/hggMass_All_Sig.png> <./Figures/Offline Selection Plots/0710_SinglePhoOfflineCuts_SingleSquarePlots/hggMass_All_Bkg.png>]
<./Figures/Offline Selection Plots/0710_SinglePhoOfflineCuts_SingleSquarePlots/scEta_All_Sig.png, id=1224, 901.3675pt x 877.2775pt>
File: ./Figures/Offline Selection Plots/0710_SinglePhoOfflineCuts_SingleSquarePlots/scEta_All_Sig.png Graphic file (type png)
<use ./Figures/Offline Selection Plots/0710_SinglePhoOfflineCuts_SingleSquarePlots/scEta_All_Sig.png>
Package pdftex.def Info: ./Figures/Offline Selection Plots/0710_SinglePhoOfflineCuts_SingleSquarePlots/scEta_All_Sig.png  used on input line 1034.
(pdftex.def)             Requested size: 227.65007pt x 221.55432pt.
<./Figures/Offline Selection Plots/0710_SinglePhoOfflineCuts_SingleSquarePlots/scEta_All_Bkg.png, id=1225, 901.3675pt x 877.2775pt>
File: ./Figures/Offline Selection Plots/0710_SinglePhoOfflineCuts_SingleSquarePlots/scEta_All_Bkg.png Graphic file (type png)
<use ./Figures/Offline Selection Plots/0710_SinglePhoOfflineCuts_SingleSquarePlots/scEta_All_Bkg.png>
Package pdftex.def Info: ./Figures/Offline Selection Plots/0710_SinglePhoOfflineCuts_SingleSquarePlots/scEta_All_Bkg.png  used on input line 1039.
(pdftex.def)             Requested size: 227.65007pt x 221.55432pt.
<./Figures/Offline Selection Plots/0710_SinglePhoOfflineCuts_SingleSquarePlots/pt_All_Sig.png, id=1227, 901.3675pt x 877.2775pt>
File: ./Figures/Offline Selection Plots/0710_SinglePhoOfflineCuts_SingleSquarePlots/pt_All_Sig.png Graphic file (type png)
<use ./Figures/Offline Selection Plots/0710_SinglePhoOfflineCuts_SingleSquarePlots/pt_All_Sig.png>
Package pdftex.def Info: ./Figures/Offline Selection Plots/0710_SinglePhoOfflineCuts_SingleSquarePlots/pt_All_Sig.png  used on input line 1052.
(pdftex.def)             Requested size: 227.65007pt x 221.55432pt.
<./Figures/Offline Selection Plots/0710_SinglePhoOfflineCuts_SingleSquarePlots/pt_All_Bkg.png, id=1228, 901.3675pt x 877.2775pt>
File: ./Figures/Offline Selection Plots/0710_SinglePhoOfflineCuts_SingleSquarePlots/pt_All_Bkg.png Graphic file (type png)
<use ./Figures/Offline Selection Plots/0710_SinglePhoOfflineCuts_SingleSquarePlots/pt_All_Bkg.png>
Package pdftex.def Info: ./Figures/Offline Selection Plots/0710_SinglePhoOfflineCuts_SingleSquarePlots/pt_All_Bkg.png  used on input line 1057.
(pdftex.def)             Requested size: 227.65007pt x 221.55432pt.


[66 <./Figures/Offline Selection Plots/0710_SinglePhoOfflineCuts_SingleSquarePlots/scEta_All_Sig.png> <./Figures/Offline Selection Plots/0710_SinglePhoOfflineCuts_SingleSquarePlots/scEta_All_Bkg.png>]

Package hyperref Warning: Token not allowed in a PDF string (Unicode):
(hyperref)                removing `math shift' on input line 1067.


Package hyperref Warning: Token not allowed in a PDF string (Unicode):
(hyperref)                removing `\rightarrow' on input line 1067.


Package hyperref Warning: Token not allowed in a PDF string (Unicode):
(hyperref)                removing `\gamma' on input line 1067.


Package hyperref Warning: Token not allowed in a PDF string (Unicode):
(hyperref)                removing `\gamma' on input line 1067.


Package hyperref Warning: Token not allowed in a PDF string (Unicode):
(hyperref)                removing `math shift' on input line 1067.



[67 <./Figures/Offline Selection Plots/0710_SinglePhoOfflineCuts_SingleSquarePlots/pt_All_Sig.png> <./Figures/Offline Selection Plots/0710_SinglePhoOfflineCuts_SingleSquarePlots/pt_All_Bkg.png>]

[68]
<./Figures/Offline Selection Plots/0709_Updated_DiphotonBDT_TrainingPlots/sigMovrM.png, id=1247, 901.3675pt x 877.2775pt>
File: ./Figures/Offline Selection Plots/0709_Updated_DiphotonBDT_TrainingPlots/sigMovrM.png Graphic file (type png)
<use ./Figures/Offline Selection Plots/0709_Updated_DiphotonBDT_TrainingPlots/sigMovrM.png>
Package pdftex.def Info: ./Figures/Offline Selection Plots/0709_Updated_DiphotonBDT_TrainingPlots/sigMovrM.png  used on input line 1102.
(pdftex.def)             Requested size: 227.65007pt x 221.55432pt.
<./Figures/Offline Selection Plots/0709_Updated_DiphotonBDT_TrainingPlots/cosDPhi.png, id=1248, 901.3675pt x 877.2775pt>
File: ./Figures/Offline Selection Plots/0709_Updated_DiphotonBDT_TrainingPlots/cosDPhi.png Graphic file (type png)
<use ./Figures/Offline Selection Plots/0709_Updated_DiphotonBDT_TrainingPlots/cosDPhi.png>
Package pdftex.def Info: ./Figures/Offline Selection Plots/0709_Updated_DiphotonBDT_TrainingPlots/cosDPhi.png  used on input line 1107.
(pdftex.def)             Requested size: 227.65007pt x 221.55432pt.
<./Figures/Offline Selection Plots/0709_Updated_DiphotonBDT_TrainingPlots/leadGJetXGBScore.png, id=1250, 901.3675pt x 877.2775pt>
File: ./Figures/Offline Selection Plots/0709_Updated_DiphotonBDT_TrainingPlots/leadGJetXGBScore.png Graphic file (type png)
<use ./Figures/Offline Selection Plots/0709_Updated_DiphotonBDT_TrainingPlots/leadGJetXGBScore.png>
Package pdftex.def Info: ./Figures/Offline Selection Plots/0709_Updated_DiphotonBDT_TrainingPlots/leadGJetXGBScore.png  used on input line 1120.
(pdftex.def)             Requested size: 227.65007pt x 221.55432pt.
<./Figures/Offline Selection Plots/0709_Updated_DiphotonBDT_TrainingPlots/subGJetXGBScore.png, id=1251, 901.3675pt x 877.2775pt>
File: ./Figures/Offline Selection Plots/0709_Updated_DiphotonBDT_TrainingPlots/subGJetXGBScore.png Graphic file (type png)
<use ./Figures/Offline Selection Plots/0709_Updated_DiphotonBDT_TrainingPlots/subGJetXGBScore.png>
Package pdftex.def Info: ./Figures/Offline Selection Plots/0709_Updated_DiphotonBDT_TrainingPlots/subGJetXGBScore.png  used on input line 1125.
(pdftex.def)             Requested size: 227.65007pt x 221.55432pt.


[69 <./Figures/Offline Selection Plots/0709_Updated_DiphotonBDT_TrainingPlots/sigMovrM.png> <./Figures/Offline Selection Plots/0709_Updated_DiphotonBDT_TrainingPlots/cosDPhi.png>]

[70 <./Figures/Offline Selection Plots/0709_Updated_DiphotonBDT_TrainingPlots/leadGJetXGBScore.png> <./Figures/Offline Selection Plots/0709_Updated_DiphotonBDT_TrainingPlots/subGJetXGBScore.png>]
<./Figures/Offline Selection Plots/0709_Updated_DiphotonBDT_TrainingPlots/leadDataMCXGBScore.png, id=1262, 901.3675pt x 877.2775pt>
File: ./Figures/Offline Selection Plots/0709_Updated_DiphotonBDT_TrainingPlots/leadDataMCXGBScore.png Graphic file (type png)
<use ./Figures/Offline Selection Plots/0709_Updated_DiphotonBDT_TrainingPlots/leadDataMCXGBScore.png>
Package pdftex.def Info: ./Figures/Offline Selection Plots/0709_Updated_DiphotonBDT_TrainingPlots/leadDataMCXGBScore.png  used on input line 1139.
(pdftex.def)             Requested size: 227.65007pt x 221.55432pt.
<./Figures/Offline Selection Plots/0709_Updated_DiphotonBDT_TrainingPlots/subDataMCXGBScore.png, id=1263, 901.3675pt x 877.2775pt>
File: ./Figures/Offline Selection Plots/0709_Updated_DiphotonBDT_TrainingPlots/subDataMCXGBScore.png Graphic file (type png)
<use ./Figures/Offline Selection Plots/0709_Updated_DiphotonBDT_TrainingPlots/subDataMCXGBScore.png>
Package pdftex.def Info: ./Figures/Offline Selection Plots/0709_Updated_DiphotonBDT_TrainingPlots/subDataMCXGBScore.png  used on input line 1144.
(pdftex.def)             Requested size: 227.65007pt x 221.55432pt.
<./Figures/Offline Selection Plots/0709_Updated_DiphotonBDT_TrainingPlots/leadScEta.png, id=1267, 901.3675pt x 877.2775pt>
File: ./Figures/Offline Selection Plots/0709_Updated_DiphotonBDT_TrainingPlots/leadScEta.png Graphic file (type png)
<use ./Figures/Offline Selection Plots/0709_Updated_DiphotonBDT_TrainingPlots/leadScEta.png>
Package pdftex.def Info: ./Figures/Offline Selection Plots/0709_Updated_DiphotonBDT_TrainingPlots/leadScEta.png  used on input line 1155.
(pdftex.def)             Requested size: 227.65007pt x 221.55432pt.
<./Figures/Offline Selection Plots/0709_Updated_DiphotonBDT_TrainingPlots/subScEta.png, id=1268, 901.3675pt x 877.2775pt>
File: ./Figures/Offline Selection Plots/0709_Updated_DiphotonBDT_TrainingPlots/subScEta.png Graphic file (type png)
<use ./Figures/Offline Selection Plots/0709_Updated_DiphotonBDT_TrainingPlots/subScEta.png>
Package pdftex.def Info: ./Figures/Offline Selection Plots/0709_Updated_DiphotonBDT_TrainingPlots/subScEta.png  used on input line 1160.
(pdftex.def)             Requested size: 227.65007pt x 221.55432pt.


[71 <./Figures/Offline Selection Plots/0709_Updated_DiphotonBDT_TrainingPlots/leadDataMCXGBScore.png> <./Figures/Offline Selection Plots/0709_Updated_DiphotonBDT_TrainingPlots/subDataMCXGBScore.png>]
<./Figures/Offline Selection Plots/0709_Updated_DiphotonBDT_TrainingPlots/leadPtOvrM.png, id=1274, 901.3675pt x 877.2775pt>
File: ./Figures/Offline Selection Plots/0709_Updated_DiphotonBDT_TrainingPlots/leadPtOvrM.png Graphic file (type png)
<use ./Figures/Offline Selection Plots/0709_Updated_DiphotonBDT_TrainingPlots/leadPtOvrM.png>
Package pdftex.def Info: ./Figures/Offline Selection Plots/0709_Updated_DiphotonBDT_TrainingPlots/leadPtOvrM.png  used on input line 1172.
(pdftex.def)             Requested size: 227.65007pt x 221.55432pt.
<./Figures/Offline Selection Plots/0709_Updated_DiphotonBDT_TrainingPlots/subPtOvrM.png, id=1275, 901.3675pt x 877.2775pt>
File: ./Figures/Offline Selection Plots/0709_Updated_DiphotonBDT_TrainingPlots/subPtOvrM.png Graphic file (type png)
<use ./Figures/Offline Selection Plots/0709_Updated_DiphotonBDT_TrainingPlots/subPtOvrM.png>
Package pdftex.def Info: ./Figures/Offline Selection Plots/0709_Updated_DiphotonBDT_TrainingPlots/subPtOvrM.png  used on input line 1177.
(pdftex.def)             Requested size: 227.65007pt x 221.55432pt.


[72 <./Figures/Offline Selection Plots/0709_Updated_DiphotonBDT_TrainingPlots/leadScEta.png> <./Figures/Offline Selection Plots/0709_Updated_DiphotonBDT_TrainingPlots/subScEta.png>]

[73 <./Figures/Offline Selection Plots/0709_Updated_DiphotonBDT_TrainingPlots/leadPtOvrM.png> <./Figures/Offline Selection Plots/0709_Updated_DiphotonBDT_TrainingPlots/subPtOvrM.png>]
<./Figures/Offline Selection Plots/0709_Updated_DiphotonBDT_TrainingPlots/leadElectronVeto.png, id=1289, 901.3675pt x 877.2775pt>
File: ./Figures/Offline Selection Plots/0709_Updated_DiphotonBDT_TrainingPlots/leadElectronVeto.png Graphic file (type png)
<use ./Figures/Offline Selection Plots/0709_Updated_DiphotonBDT_TrainingPlots/leadElectronVeto.png>
Package pdftex.def Info: ./Figures/Offline Selection Plots/0709_Updated_DiphotonBDT_TrainingPlots/leadElectronVeto.png  used on input line 1191.
(pdftex.def)             Requested size: 227.65007pt x 221.55432pt.
<./Figures/Offline Selection Plots/0709_Updated_DiphotonBDT_TrainingPlots/subElectronVeto.png, id=1290, 901.3675pt x 877.2775pt>
File: ./Figures/Offline Selection Plots/0709_Updated_DiphotonBDT_TrainingPlots/subElectronVeto.png Graphic file (type png)
<use ./Figures/Offline Selection Plots/0709_Updated_DiphotonBDT_TrainingPlots/subElectronVeto.png>
Package pdftex.def Info: ./Figures/Offline Selection Plots/0709_Updated_DiphotonBDT_TrainingPlots/subElectronVeto.png  used on input line 1196.
(pdftex.def)             Requested size: 227.65007pt x 221.55432pt.


[74 <./Figures/Offline Selection Plots/0709_Updated_DiphotonBDT_TrainingPlots/leadElectronVeto.png> <./Figures/Offline Selection Plots/0709_Updated_DiphotonBDT_TrainingPlots/subElectronVeto.png>]
<./Figures/Offline Selection Plots/DiHiggs/0715_DataMC_TrainingPlots/SCRawE.png, id=1300, 901.3675pt x 877.2775pt>
File: ./Figures/Offline Selection Plots/DiHiggs/0715_DataMC_TrainingPlots/SCRawE.png Graphic file (type png)
<use ./Figures/Offline Selection Plots/DiHiggs/0715_DataMC_TrainingPlots/SCRawE.png>
Package pdftex.def Info: ./Figures/Offline Selection Plots/DiHiggs/0715_DataMC_TrainingPlots/SCRawE.png  used on input line 1212.
(pdftex.def)             Requested size: 227.65007pt x 221.55432pt.
<./Figures/Offline Selection Plots/DiHiggs/0715_DataMC_TrainingPlots/scEta.png, id=1301, 901.3675pt x 877.2775pt>
File: ./Figures/Offline Selection Plots/DiHiggs/0715_DataMC_TrainingPlots/scEta.png Graphic file (type png)
<use ./Figures/Offline Selection Plots/DiHiggs/0715_DataMC_TrainingPlots/scEta.png>
Package pdftex.def Info: ./Figures/Offline Selection Plots/DiHiggs/0715_DataMC_TrainingPlots/scEta.png  used on input line 1217.
(pdftex.def)             Requested size: 227.65007pt x 221.55432pt.
<./Figures/Offline Selection Plots/DiHiggs/0715_DataMC_TrainingPlots/r9.png, id=1303, 901.3675pt x 877.2775pt>
File: ./Figures/Offline Selection Plots/DiHiggs/0715_DataMC_TrainingPlots/r9.png Graphic file (type png)
<use ./Figures/Offline Selection Plots/DiHiggs/0715_DataMC_TrainingPlots/r9.png>
Package pdftex.def Info: ./Figures/Offline Selection Plots/DiHiggs/0715_DataMC_TrainingPlots/r9.png  used on input line 1229.
(pdftex.def)             Requested size: 227.65007pt x 221.55432pt.
<./Figures/Offline Selection Plots/DiHiggs/0715_DataMC_TrainingPlots/s4.png, id=1304, 901.3675pt x 877.2775pt>
File: ./Figures/Offline Selection Plots/DiHiggs/0715_DataMC_TrainingPlots/s4.png Graphic file (type png)
<use ./Figures/Offline Selection Plots/DiHiggs/0715_DataMC_TrainingPlots/s4.png>
Package pdftex.def Info: ./Figures/Offline Selection Plots/DiHiggs/0715_DataMC_TrainingPlots/s4.png  used on input line 1234.
(pdftex.def)             Requested size: 227.65007pt x 221.55432pt.


[75 <./Figures/Offline Selection Plots/DiHiggs/0715_DataMC_TrainingPlots/SCRawE.png> <./Figures/Offline Selection Plots/DiHiggs/0715_DataMC_TrainingPlots/scEta.png>]
<./Figures/Offline Selection Plots/DiHiggs/0715_DataMC_TrainingPlots/sigmaIetaIeta.png, id=1309, 901.3675pt x 877.2775pt>
File: ./Figures/Offline Selection Plots/DiHiggs/0715_DataMC_TrainingPlots/sigmaIetaIeta.png Graphic file (type png)
<use ./Figures/Offline Selection Plots/DiHiggs/0715_DataMC_TrainingPlots/sigmaIetaIeta.png>
Package pdftex.def Info: ./Figures/Offline Selection Plots/DiHiggs/0715_DataMC_TrainingPlots/sigmaIetaIeta.png  used on input line 1246.
(pdftex.def)             Requested size: 227.65007pt x 221.55432pt.
<./Figures/Offline Selection Plots/DiHiggs/0715_DataMC_TrainingPlots/covIEtaIPhi.png, id=1310, 901.3675pt x 877.2775pt>
File: ./Figures/Offline Selection Plots/DiHiggs/0715_DataMC_TrainingPlots/covIEtaIPhi.png Graphic file (type png)
<use ./Figures/Offline Selection Plots/DiHiggs/0715_DataMC_TrainingPlots/covIEtaIPhi.png>
Package pdftex.def Info: ./Figures/Offline Selection Plots/DiHiggs/0715_DataMC_TrainingPlots/covIEtaIPhi.png  used on input line 1251.
(pdftex.def)             Requested size: 227.65007pt x 221.55432pt.


[76 <./Figures/Offline Selection Plots/DiHiggs/0715_DataMC_TrainingPlots/r9.png> <./Figures/Offline Selection Plots/DiHiggs/0715_DataMC_TrainingPlots/s4.png>]
<./Figures/Offline Selection Plots/DiHiggs/0715_DataMC_TrainingPlots/etaWidth.png, id=1315, 901.3675pt x 877.2775pt>
File: ./Figures/Offline Selection Plots/DiHiggs/0715_DataMC_TrainingPlots/etaWidth.png Graphic file (type png)
<use ./Figures/Offline Selection Plots/DiHiggs/0715_DataMC_TrainingPlots/etaWidth.png>
Package pdftex.def Info: ./Figures/Offline Selection Plots/DiHiggs/0715_DataMC_TrainingPlots/etaWidth.png  used on input line 1261.
(pdftex.def)             Requested size: 227.65007pt x 221.55432pt.
<./Figures/Offline Selection Plots/DiHiggs/0715_DataMC_TrainingPlots/phiWidth.png, id=1316, 901.3675pt x 877.2775pt>
File: ./Figures/Offline Selection Plots/DiHiggs/0715_DataMC_TrainingPlots/phiWidth.png Graphic file (type png)
<use ./Figures/Offline Selection Plots/DiHiggs/0715_DataMC_TrainingPlots/phiWidth.png>
Package pdftex.def Info: ./Figures/Offline Selection Plots/DiHiggs/0715_DataMC_TrainingPlots/phiWidth.png  used on input line 1266.
(pdftex.def)             Requested size: 227.65007pt x 221.55432pt.
<./Figures/Offline Selection Plots/DiHiggs/0715_DataMC_TrainingPlots/hadronicOverEm.png, id=1317, 901.3675pt x 877.2775pt>
File: ./Figures/Offline Selection Plots/DiHiggs/0715_DataMC_TrainingPlots/hadronicOverEm.png Graphic file (type png)
<use ./Figures/Offline Selection Plots/DiHiggs/0715_DataMC_TrainingPlots/hadronicOverEm.png>
Package pdftex.def Info: ./Figures/Offline Selection Plots/DiHiggs/0715_DataMC_TrainingPlots/hadronicOverEm.png  used on input line 1276.
(pdftex.def)             Requested size: 227.65007pt x 221.55432pt.
<./Figures/Offline Selection Plots/DiHiggs/0715_DataMC_TrainingPlots/phoIso03.png, id=1318, 901.3675pt x 877.2775pt>
File: ./Figures/Offline Selection Plots/DiHiggs/0715_DataMC_TrainingPlots/phoIso03.png Graphic file (type png)
<use ./Figures/Offline Selection Plots/DiHiggs/0715_DataMC_TrainingPlots/phoIso03.png>
Package pdftex.def Info: ./Figures/Offline Selection Plots/DiHiggs/0715_DataMC_TrainingPlots/phoIso03.png  used on input line 1281.
(pdftex.def)             Requested size: 227.65007pt x 221.55432pt.


[77 <./Figures/Offline Selection Plots/DiHiggs/0715_DataMC_TrainingPlots/sigmaIetaIeta.png> <./Figures/Offline Selection Plots/DiHiggs/0715_DataMC_TrainingPlots/covIEtaIPhi.png> <./Figures/Offline Selection Plots/DiHiggs/0715_DataMC_TrainingPlots/etaWidth.png> <./Figures/Offline Selection Plots/DiHiggs/0715_DataMC_TrainingPlots/phiWidth.png>]
<./Figures/Offline Selection Plots/DiHiggs/0715_DataMC_TrainingPlots/chgIsoWrtWorstVtx.png, id=1323, 901.3675pt x 877.2775pt>
File: ./Figures/Offline Selection Plots/DiHiggs/0715_DataMC_TrainingPlots/chgIsoWrtWorstVtx.png Graphic file (type png)
<use ./Figures/Offline Selection Plots/DiHiggs/0715_DataMC_TrainingPlots/chgIsoWrtWorstVtx.png>
Package pdftex.def Info: ./Figures/Offline Selection Plots/DiHiggs/0715_DataMC_TrainingPlots/chgIsoWrtWorstVtx.png  used on input line 1291.
(pdftex.def)             Requested size: 227.65007pt x 221.55432pt.
<./Figures/Offline Selection Plots/DiHiggs/0715_DataMC_TrainingPlots/chgIsoWrtChosenVtx.png, id=1324, 901.3675pt x 877.2775pt>
File: ./Figures/Offline Selection Plots/DiHiggs/0715_DataMC_TrainingPlots/chgIsoWrtChosenVtx.png Graphic file (type png)
<use ./Figures/Offline Selection Plots/DiHiggs/0715_DataMC_TrainingPlots/chgIsoWrtChosenVtx.png>
Package pdftex.def Info: ./Figures/Offline Selection Plots/DiHiggs/0715_DataMC_TrainingPlots/chgIsoWrtChosenVtx.png  used on input line 1296.
(pdftex.def)             Requested size: 227.65007pt x 221.55432pt.
<./Figures/Offline Selection Plots/DiHiggs/0715_DataMC_TrainingPlots/esEffSigmaRR.png, id=1325, 901.3675pt x 877.2775pt>
File: ./Figures/Offline Selection Plots/DiHiggs/0715_DataMC_TrainingPlots/esEffSigmaRR.png Graphic file (type png)
<use ./Figures/Offline Selection Plots/DiHiggs/0715_DataMC_TrainingPlots/esEffSigmaRR.png>
Package pdftex.def Info: ./Figures/Offline Selection Plots/DiHiggs/0715_DataMC_TrainingPlots/esEffSigmaRR.png  used on input line 1306.
(pdftex.def)             Requested size: 227.65007pt x 221.55432pt.
<./Figures/Offline Selection Plots/DiHiggs/0715_DataMC_TrainingPlots/esEnergyOverRawE.png, id=1326, 901.3675pt x 877.2775pt>
File: ./Figures/Offline Selection Plots/DiHiggs/0715_DataMC_TrainingPlots/esEnergyOverRawE.png Graphic file (type png)
<use ./Figures/Offline Selection Plots/DiHiggs/0715_DataMC_TrainingPlots/esEnergyOverRawE.png>
Package pdftex.def Info: ./Figures/Offline Selection Plots/DiHiggs/0715_DataMC_TrainingPlots/esEnergyOverRawE.png  used on input line 1311.
(pdftex.def)             Requested size: 227.65007pt x 221.55432pt.


[78 <./Figures/Offline Selection Plots/DiHiggs/0715_DataMC_TrainingPlots/hadronicOverEm.png> <./Figures/Offline Selection Plots/DiHiggs/0715_DataMC_TrainingPlots/phoIso03.png> <./Figures/Offline Selection Plots/DiHiggs/0715_DataMC_TrainingPlots/chgIsoWrtWorstVtx.png> <./Figures/Offline Selection Plots/DiHiggs/0715_DataMC_TrainingPlots/chgIsoWrtChosenVtx.png>]

Package hyperref Warning: Token not allowed in a PDF string (Unicode):
(hyperref)                removing `math shift' on input line 1319.


Package hyperref Warning: Token not allowed in a PDF string (Unicode):
(hyperref)                removing `\rightarrow' on input line 1319.


Package hyperref Warning: Token not allowed in a PDF string (Unicode):
(hyperref)                removing `\gamma' on input line 1319.


Package hyperref Warning: Token not allowed in a PDF string (Unicode):
(hyperref)                removing `\gamma' on input line 1319.


Package hyperref Warning: Token not allowed in a PDF string (Unicode):
(hyperref)                removing `math shift' on input line 1319.

<./Figures/Offline Selection Plots/DiHiggs/0715_SinglePhoOfflineCuts_SingleSquarePlots/hggMass_All_Sig.png, id=1331, 901.3675pt x 877.2775pt>
File: ./Figures/Offline Selection Plots/DiHiggs/0715_SinglePhoOfflineCuts_SingleSquarePlots/hggMass_All_Sig.png Graphic file (type png)
<use ./Figures/Offline Selection Plots/DiHiggs/0715_SinglePhoOfflineCuts_SingleSquarePlots/hggMass_All_Sig.png>
Package pdftex.def Info: ./Figures/Offline Selection Plots/DiHiggs/0715_SinglePhoOfflineCuts_SingleSquarePlots/hggMass_All_Sig.png  used on input line 1324.
(pdftex.def)             Requested size: 227.65007pt x 221.55432pt.
<./Figures/Offline Selection Plots/DiHiggs/0715_SinglePhoOfflineCuts_SingleSquarePlots/hggMass_All_Bkg.png, id=1332, 901.3675pt x 877.2775pt>
File: ./Figures/Offline Selection Plots/DiHiggs/0715_SinglePhoOfflineCuts_SingleSquarePlots/hggMass_All_Bkg.png Graphic file (type png)
<use ./Figures/Offline Selection Plots/DiHiggs/0715_SinglePhoOfflineCuts_SingleSquarePlots/hggMass_All_Bkg.png>
Package pdftex.def Info: ./Figures/Offline Selection Plots/DiHiggs/0715_SinglePhoOfflineCuts_SingleSquarePlots/hggMass_All_Bkg.png  used on input line 1329.
(pdftex.def)             Requested size: 227.65007pt x 221.55432pt.


[79 <./Figures/Offline Selection Plots/DiHiggs/0715_DataMC_TrainingPlots/esEffSigmaRR.png> <./Figures/Offline Selection Plots/DiHiggs/0715_DataMC_TrainingPlots/esEnergyOverRawE.png>]
<./Figures/Offline Selection Plots/DiHiggs/0715_SinglePhoOfflineCuts_SingleSquarePlots/scEta_All_Sig.png, id=1338, 901.3675pt x 877.2775pt>
File: ./Figures/Offline Selection Plots/DiHiggs/0715_SinglePhoOfflineCuts_SingleSquarePlots/scEta_All_Sig.png Graphic file (type png)
<use ./Figures/Offline Selection Plots/DiHiggs/0715_SinglePhoOfflineCuts_SingleSquarePlots/scEta_All_Sig.png>
Package pdftex.def Info: ./Figures/Offline Selection Plots/DiHiggs/0715_SinglePhoOfflineCuts_SingleSquarePlots/scEta_All_Sig.png  used on input line 1340.
(pdftex.def)             Requested size: 227.65007pt x 221.55432pt.
<./Figures/Offline Selection Plots/DiHiggs/0715_SinglePhoOfflineCuts_SingleSquarePlots/scEta_All_Bkg.png, id=1339, 901.3675pt x 877.2775pt>
File: ./Figures/Offline Selection Plots/DiHiggs/0715_SinglePhoOfflineCuts_SingleSquarePlots/scEta_All_Bkg.png Graphic file (type png)
<use ./Figures/Offline Selection Plots/DiHiggs/0715_SinglePhoOfflineCuts_SingleSquarePlots/scEta_All_Bkg.png>
Package pdftex.def Info: ./Figures/Offline Selection Plots/DiHiggs/0715_SinglePhoOfflineCuts_SingleSquarePlots/scEta_All_Bkg.png  used on input line 1345.
(pdftex.def)             Requested size: 227.65007pt x 221.55432pt.


[80 <./Figures/Offline Selection Plots/DiHiggs/0715_SinglePhoOfflineCuts_SingleSquarePlots/hggMass_All_Sig.png> <./Figures/Offline Selection Plots/DiHiggs/0715_SinglePhoOfflineCuts_SingleSquarePlots/hggMass_All_Bkg.png> <./Figures/Offline Selection Plots/DiHiggs/0715_SinglePhoOfflineCuts_SingleSquarePlots/scEta_All_Sig.png> <./Figures/Offline Selection Plots/DiHiggs/0715_SinglePhoOfflineCuts_SingleSquarePlots/scEta_All_Bkg.png>]
<./Figures/Offline Selection Plots/DiHiggs/0715_SinglePhoOfflineCuts_SingleSquarePlots/pt_All_Sig.png, id=1344, 901.3675pt x 877.2775pt>
File: ./Figures/Offline Selection Plots/DiHiggs/0715_SinglePhoOfflineCuts_SingleSquarePlots/pt_All_Sig.png Graphic file (type png)
<use ./Figures/Offline Selection Plots/DiHiggs/0715_SinglePhoOfflineCuts_SingleSquarePlots/pt_All_Sig.png>
Package pdftex.def Info: ./Figures/Offline Selection Plots/DiHiggs/0715_SinglePhoOfflineCuts_SingleSquarePlots/pt_All_Sig.png  used on input line 1357.
(pdftex.def)             Requested size: 227.65007pt x 221.55432pt.
<./Figures/Offline Selection Plots/DiHiggs/0715_SinglePhoOfflineCuts_SingleSquarePlots/pt_All_Bkg.png, id=1345, 901.3675pt x 877.2775pt>
File: ./Figures/Offline Selection Plots/DiHiggs/0715_SinglePhoOfflineCuts_SingleSquarePlots/pt_All_Bkg.png Graphic file (type png)
<use ./Figures/Offline Selection Plots/DiHiggs/0715_SinglePhoOfflineCuts_SingleSquarePlots/pt_All_Bkg.png>
Package pdftex.def Info: ./Figures/Offline Selection Plots/DiHiggs/0715_SinglePhoOfflineCuts_SingleSquarePlots/pt_All_Bkg.png  used on input line 1362.
(pdftex.def)             Requested size: 227.65007pt x 221.55432pt.


Package hyperref Warning: Token not allowed in a PDF string (Unicode):
(hyperref)                removing `math shift' on input line 1372.


Package hyperref Warning: Token not allowed in a PDF string (Unicode):
(hyperref)                removing `\rightarrow' on input line 1372.


Package hyperref Warning: Token not allowed in a PDF string (Unicode):
(hyperref)                removing `\gamma' on input line 1372.


Package hyperref Warning: Token not allowed in a PDF string (Unicode):
(hyperref)                removing `\gamma' on input line 1372.


Package hyperref Warning: Token not allowed in a PDF string (Unicode):
(hyperref)                removing `math shift' on input line 1372.

<./Figures/Offline Selection Plots/DiHiggs/0715_DiphotonBDT_TrainingPlots/sigMovrM.png, id=1348, 901.3675pt x 877.2775pt>
File: ./Figures/Offline Selection Plots/DiHiggs/0715_DiphotonBDT_TrainingPlots/sigMovrM.png Graphic file (type png)
<use ./Figures/Offline Selection Plots/DiHiggs/0715_DiphotonBDT_TrainingPlots/sigMovrM.png>
Package pdftex.def Info: ./Figures/Offline Selection Plots/DiHiggs/0715_DiphotonBDT_TrainingPlots/sigMovrM.png  used on input line 1377.
(pdftex.def)             Requested size: 227.65007pt x 221.55432pt.
<./Figures/Offline Selection Plots/DiHiggs/0715_DiphotonBDT_TrainingPlots/cosDPhi.png, id=1349, 901.3675pt x 877.2775pt>
File: ./Figures/Offline Selection Plots/DiHiggs/0715_DiphotonBDT_TrainingPlots/cosDPhi.png Graphic file (type png)
<use ./Figures/Offline Selection Plots/DiHiggs/0715_DiphotonBDT_TrainingPlots/cosDPhi.png>
Package pdftex.def Info: ./Figures/Offline Selection Plots/DiHiggs/0715_DiphotonBDT_TrainingPlots/cosDPhi.png  used on input line 1382.
(pdftex.def)             Requested size: 227.65007pt x 221.55432pt.


[81 <./Figures/Offline Selection Plots/DiHiggs/0715_SinglePhoOfflineCuts_SingleSquarePlots/pt_All_Sig.png> <./Figures/Offline Selection Plots/DiHiggs/0715_SinglePhoOfflineCuts_SingleSquarePlots/pt_All_Bkg.png>]
<./Figures/Offline Selection Plots/DiHiggs/0715_DiphotonBDT_TrainingPlots/leadGJetXGBScore.png, id=1354, 901.3675pt x 877.2775pt>
File: ./Figures/Offline Selection Plots/DiHiggs/0715_DiphotonBDT_TrainingPlots/leadGJetXGBScore.png Graphic file (type png)
<use ./Figures/Offline Selection Plots/DiHiggs/0715_DiphotonBDT_TrainingPlots/leadGJetXGBScore.png>
Package pdftex.def Info: ./Figures/Offline Selection Plots/DiHiggs/0715_DiphotonBDT_TrainingPlots/leadGJetXGBScore.png  used on input line 1394.
(pdftex.def)             Requested size: 227.65007pt x 221.55432pt.
<./Figures/Offline Selection Plots/DiHiggs/0715_DiphotonBDT_TrainingPlots/subGJetXGBScore.png, id=1355, 901.3675pt x 877.2775pt>
File: ./Figures/Offline Selection Plots/DiHiggs/0715_DiphotonBDT_TrainingPlots/subGJetXGBScore.png Graphic file (type png)
<use ./Figures/Offline Selection Plots/DiHiggs/0715_DiphotonBDT_TrainingPlots/subGJetXGBScore.png>
Package pdftex.def Info: ./Figures/Offline Selection Plots/DiHiggs/0715_DiphotonBDT_TrainingPlots/subGJetXGBScore.png  used on input line 1399.
(pdftex.def)             Requested size: 227.65007pt x 221.55432pt.


[82 <./Figures/Offline Selection Plots/DiHiggs/0715_DiphotonBDT_TrainingPlots/sigMovrM.png> <./Figures/Offline Selection Plots/DiHiggs/0715_DiphotonBDT_TrainingPlots/cosDPhi.png>]
<./Figures/Offline Selection Plots/DiHiggs/0715_DiphotonBDT_TrainingPlots/leadDataMCXGBScore.png, id=1360, 901.3675pt x 877.2775pt>
File: ./Figures/Offline Selection Plots/DiHiggs/0715_DiphotonBDT_TrainingPlots/leadDataMCXGBScore.png Graphic file (type png)
<use ./Figures/Offline Selection Plots/DiHiggs/0715_DiphotonBDT_TrainingPlots/leadDataMCXGBScore.png>
Package pdftex.def Info: ./Figures/Offline Selection Plots/DiHiggs/0715_DiphotonBDT_TrainingPlots/leadDataMCXGBScore.png  used on input line 1411.
(pdftex.def)             Requested size: 227.65007pt x 221.55432pt.
<./Figures/Offline Selection Plots/DiHiggs/0715_DiphotonBDT_TrainingPlots/subDataMCXGBScore.png, id=1361, 901.3675pt x 877.2775pt>
File: ./Figures/Offline Selection Plots/DiHiggs/0715_DiphotonBDT_TrainingPlots/subDataMCXGBScore.png Graphic file (type png)
<use ./Figures/Offline Selection Plots/DiHiggs/0715_DiphotonBDT_TrainingPlots/subDataMCXGBScore.png>
Package pdftex.def Info: ./Figures/Offline Selection Plots/DiHiggs/0715_DiphotonBDT_TrainingPlots/subDataMCXGBScore.png  used on input line 1416.
(pdftex.def)             Requested size: 227.65007pt x 221.55432pt.


[83 <./Figures/Offline Selection Plots/DiHiggs/0715_DiphotonBDT_TrainingPlots/leadGJetXGBScore.png> <./Figures/Offline Selection Plots/DiHiggs/0715_DiphotonBDT_TrainingPlots/subGJetXGBScore.png>]
<./Figures/Offline Selection Plots/DiHiggs/0715_DiphotonBDT_TrainingPlots/leadScEta.png, id=1367, 901.3675pt x 877.2775pt>
File: ./Figures/Offline Selection Plots/DiHiggs/0715_DiphotonBDT_TrainingPlots/leadScEta.png Graphic file (type png)
<use ./Figures/Offline Selection Plots/DiHiggs/0715_DiphotonBDT_TrainingPlots/leadScEta.png>
Package pdftex.def Info: ./Figures/Offline Selection Plots/DiHiggs/0715_DiphotonBDT_TrainingPlots/leadScEta.png  used on input line 1428.
(pdftex.def)             Requested size: 227.65007pt x 221.55432pt.
<./Figures/Offline Selection Plots/DiHiggs/0715_DiphotonBDT_TrainingPlots/subScEta.png, id=1368, 901.3675pt x 877.2775pt>
File: ./Figures/Offline Selection Plots/DiHiggs/0715_DiphotonBDT_TrainingPlots/subScEta.png Graphic file (type png)
<use ./Figures/Offline Selection Plots/DiHiggs/0715_DiphotonBDT_TrainingPlots/subScEta.png>
Package pdftex.def Info: ./Figures/Offline Selection Plots/DiHiggs/0715_DiphotonBDT_TrainingPlots/subScEta.png  used on input line 1433.
(pdftex.def)             Requested size: 227.65007pt x 221.55432pt.


[84 <./Figures/Offline Selection Plots/DiHiggs/0715_DiphotonBDT_TrainingPlots/leadDataMCXGBScore.png> <./Figures/Offline Selection Plots/DiHiggs/0715_DiphotonBDT_TrainingPlots/subDataMCXGBScore.png>]
<./Figures/Offline Selection Plots/DiHiggs/0715_DiphotonBDT_TrainingPlots/leadPtOvrM.png, id=1373, 901.3675pt x 877.2775pt>
File: ./Figures/Offline Selection Plots/DiHiggs/0715_DiphotonBDT_TrainingPlots/leadPtOvrM.png Graphic file (type png)
<use ./Figures/Offline Selection Plots/DiHiggs/0715_DiphotonBDT_TrainingPlots/leadPtOvrM.png>
Package pdftex.def Info: ./Figures/Offline Selection Plots/DiHiggs/0715_DiphotonBDT_TrainingPlots/leadPtOvrM.png  used on input line 1445.
(pdftex.def)             Requested size: 227.65007pt x 221.55432pt.
<./Figures/Offline Selection Plots/DiHiggs/0715_DiphotonBDT_TrainingPlots/subPtOvrM.png, id=1374, 901.3675pt x 877.2775pt>
File: ./Figures/Offline Selection Plots/DiHiggs/0715_DiphotonBDT_TrainingPlots/subPtOvrM.png Graphic file (type png)
<use ./Figures/Offline Selection Plots/DiHiggs/0715_DiphotonBDT_TrainingPlots/subPtOvrM.png>
Package pdftex.def Info: ./Figures/Offline Selection Plots/DiHiggs/0715_DiphotonBDT_TrainingPlots/subPtOvrM.png  used on input line 1450.
(pdftex.def)             Requested size: 227.65007pt x 221.55432pt.


[85 <./Figures/Offline Selection Plots/DiHiggs/0715_DiphotonBDT_TrainingPlots/leadScEta.png> <./Figures/Offline Selection Plots/DiHiggs/0715_DiphotonBDT_TrainingPlots/subScEta.png>]
<./Figures/Offline Selection Plots/DiHiggs/0715_DiphotonBDT_TrainingPlots/leadElectronVeto.png, id=1381, 901.3675pt x 877.2775pt>
File: ./Figures/Offline Selection Plots/DiHiggs/0715_DiphotonBDT_TrainingPlots/leadElectronVeto.png Graphic file (type png)
<use ./Figures/Offline Selection Plots/DiHiggs/0715_DiphotonBDT_TrainingPlots/leadElectronVeto.png>
Package pdftex.def Info: ./Figures/Offline Selection Plots/DiHiggs/0715_DiphotonBDT_TrainingPlots/leadElectronVeto.png  used on input line 1462.
(pdftex.def)             Requested size: 227.65007pt x 221.55432pt.
<./Figures/Offline Selection Plots/DiHiggs/0715_DiphotonBDT_TrainingPlots/subElectronVeto.png, id=1382, 901.3675pt x 877.2775pt>
File: ./Figures/Offline Selection Plots/DiHiggs/0715_DiphotonBDT_TrainingPlots/subElectronVeto.png Graphic file (type png)
<use ./Figures/Offline Selection Plots/DiHiggs/0715_DiphotonBDT_TrainingPlots/subElectronVeto.png>
Package pdftex.def Info: ./Figures/Offline Selection Plots/DiHiggs/0715_DiphotonBDT_TrainingPlots/subElectronVeto.png  used on input line 1467.
(pdftex.def)             Requested size: 227.65007pt x 221.55432pt.


[86 <./Figures/Offline Selection Plots/DiHiggs/0715_DiphotonBDT_TrainingPlots/leadPtOvrM.png> <./Figures/Offline Selection Plots/DiHiggs/0715_DiphotonBDT_TrainingPlots/subPtOvrM.png>]

[87 <./Figures/Offline Selection Plots/DiHiggs/0715_DiphotonBDT_TrainingPlots/leadElectronVeto.png> <./Figures/Offline Selection Plots/DiHiggs/0715_DiphotonBDT_TrainingPlots/subElectronVeto.png>]
Chapter 7.


[88

]
<./Figures/Offline Selection Plots/0710_HLTOfflineAcceptance_WithPassFail_SingleSquarePlots/hggMass_All_Sig.png, id=1400, 901.3675pt x 877.2775pt>
File: ./Figures/Offline Selection Plots/0710_HLTOfflineAcceptance_WithPassFail_SingleSquarePlots/hggMass_All_Sig.png Graphic file (type png)
<use ./Figures/Offline Selection Plots/0710_HLTOfflineAcceptance_WithPassFail_SingleSquarePlots/hggMass_All_Sig.png>
Package pdftex.def Info: ./Figures/Offline Selection Plots/0710_HLTOfflineAcceptance_WithPassFail_SingleSquarePlots/hggMass_All_Sig.png  used on input line 1492.
(pdftex.def)             Requested size: 227.65007pt x 221.55432pt.
<./Figures/Offline Selection Plots/0710_HLTOfflineAcceptance_WithPassFail_SingleSquarePlots/hggMass_All_Bkg.png, id=1401, 901.3675pt x 877.2775pt>
File: ./Figures/Offline Selection Plots/0710_HLTOfflineAcceptance_WithPassFail_SingleSquarePlots/hggMass_All_Bkg.png Graphic file (type png)
<use ./Figures/Offline Selection Plots/0710_HLTOfflineAcceptance_WithPassFail_SingleSquarePlots/hggMass_All_Bkg.png>
Package pdftex.def Info: ./Figures/Offline Selection Plots/0710_HLTOfflineAcceptance_WithPassFail_SingleSquarePlots/hggMass_All_Bkg.png  used on input line 1497.
(pdftex.def)             Requested size: 227.65007pt x 221.55432pt.
<./Figures/Offline Selection Plots/0710_HLTOfflineAcceptance_WithPassFail_SingleSquarePlots/scEta_All_Sig.png, id=1402, 901.3675pt x 877.2775pt>
File: ./Figures/Offline Selection Plots/0710_HLTOfflineAcceptance_WithPassFail_SingleSquarePlots/scEta_All_Sig.png Graphic file (type png)
<use ./Figures/Offline Selection Plots/0710_HLTOfflineAcceptance_WithPassFail_SingleSquarePlots/scEta_All_Sig.png>
Package pdftex.def Info: ./Figures/Offline Selection Plots/0710_HLTOfflineAcceptance_WithPassFail_SingleSquarePlots/scEta_All_Sig.png  used on input line 1507.
(pdftex.def)             Requested size: 227.65007pt x 221.55432pt.
<./Figures/Offline Selection Plots/0710_HLTOfflineAcceptance_WithPassFail_SingleSquarePlots/scEta_All_Bkg.png, id=1403, 901.3675pt x 877.2775pt>
File: ./Figures/Offline Selection Plots/0710_HLTOfflineAcceptance_WithPassFail_SingleSquarePlots/scEta_All_Bkg.png Graphic file (type png)
<use ./Figures/Offline Selection Plots/0710_HLTOfflineAcceptance_WithPassFail_SingleSquarePlots/scEta_All_Bkg.png>
Package pdftex.def Info: ./Figures/Offline Selection Plots/0710_HLTOfflineAcceptance_WithPassFail_SingleSquarePlots/scEta_All_Bkg.png  used on input line 1512.
(pdftex.def)             Requested size: 227.65007pt x 221.55432pt.


[89 <./Figures/Offline Selection Plots/0710_HLTOfflineAcceptance_WithPassFail_SingleSquarePlots/hggMass_All_Sig.png> <./Figures/Offline Selection Plots/0710_HLTOfflineAcceptance_WithPassFail_SingleSquarePlots/hggMass_All_Bkg.png>]
<./Figures/Offline Selection Plots/0710_HLTOfflineAcceptance_WithPassFail_SingleSquarePlots/ptOvrM_All_Sig.png, id=1408, 901.3675pt x 877.2775pt>
File: ./Figures/Offline Selection Plots/0710_HLTOfflineAcceptance_WithPassFail_SingleSquarePlots/ptOvrM_All_Sig.png Graphic file (type png)
<use ./Figures/Offline Selection Plots/0710_HLTOfflineAcceptance_WithPassFail_SingleSquarePlots/ptOvrM_All_Sig.png>
Package pdftex.def Info: ./Figures/Offline Selection Plots/0710_HLTOfflineAcceptance_WithPassFail_SingleSquarePlots/ptOvrM_All_Sig.png  used on input line 1522.
(pdftex.def)             Requested size: 227.65007pt x 221.55432pt.
<./Figures/Offline Selection Plots/0710_HLTOfflineAcceptance_WithPassFail_SingleSquarePlots/ptOvrM_All_Bkg.png, id=1409, 901.3675pt x 877.2775pt>
File: ./Figures/Offline Selection Plots/0710_HLTOfflineAcceptance_WithPassFail_SingleSquarePlots/ptOvrM_All_Bkg.png Graphic file (type png)
<use ./Figures/Offline Selection Plots/0710_HLTOfflineAcceptance_WithPassFail_SingleSquarePlots/ptOvrM_All_Bkg.png>
Package pdftex.def Info: ./Figures/Offline Selection Plots/0710_HLTOfflineAcceptance_WithPassFail_SingleSquarePlots/ptOvrM_All_Bkg.png  used on input line 1527.
(pdftex.def)             Requested size: 227.65007pt x 221.55432pt.


LaTeX Warning: `h' float specifier changed to `ht'.

<./Figures/Offline Selection Plots/DiHiggs/0715_HLTOfflineAcceptance_WithPassFail_SingleSquarePlots/hggMass_All_Sig.png, id=1410, 901.3675pt x 877.2775pt>
File: ./Figures/Offline Selection Plots/DiHiggs/0715_HLTOfflineAcceptance_WithPassFail_SingleSquarePlots/hggMass_All_Sig.png Graphic file (type png)
<use ./Figures/Offline Selection Plots/DiHiggs/0715_HLTOfflineAcceptance_WithPassFail_SingleSquarePlots/hggMass_All_Sig.png>
Package pdftex.def Info: ./Figures/Offline Selection Plots/DiHiggs/0715_HLTOfflineAcceptance_WithPassFail_SingleSquarePlots/hggMass_All_Sig.png  used on input line 1571.
(pdftex.def)             Requested size: 227.65007pt x 221.55432pt.
<./Figures/Offline Selection Plots/DiHiggs/0715_HLTOfflineAcceptance_WithPassFail_SingleSquarePlots/hggMass_All_Bkg.png, id=1411, 901.3675pt x 877.2775pt>
File: ./Figures/Offline Selection Plots/DiHiggs/0715_HLTOfflineAcceptance_WithPassFail_SingleSquarePlots/hggMass_All_Bkg.png Graphic file (type png)
<use ./Figures/Offline Selection Plots/DiHiggs/0715_HLTOfflineAcceptance_WithPassFail_SingleSquarePlots/hggMass_All_Bkg.png>
Package pdftex.def Info: ./Figures/Offline Selection Plots/DiHiggs/0715_HLTOfflineAcceptance_WithPassFail_SingleSquarePlots/hggMass_All_Bkg.png  used on input line 1576.
(pdftex.def)             Requested size: 227.65007pt x 221.55432pt.


[90 <./Figures/Offline Selection Plots/0710_HLTOfflineAcceptance_WithPassFail_SingleSquarePlots/scEta_All_Sig.png> <./Figures/Offline Selection Plots/0710_HLTOfflineAcceptance_WithPassFail_SingleSquarePlots/scEta_All_Bkg.png> <./Figures/Offline Selection Plots/0710_HLTOfflineAcceptance_WithPassFail_SingleSquarePlots/ptOvrM_All_Sig.png> <./Figures/Offline Selection Plots/0710_HLTOfflineAcceptance_WithPassFail_SingleSquarePlots/ptOvrM_All_Bkg.png>]
<./Figures/Offline Selection Plots/DiHiggs/0715_HLTOfflineAcceptance_WithPassFail_SingleSquarePlots/scEta_All_Sig.png, id=1416, 901.3675pt x 877.2775pt>
File: ./Figures/Offline Selection Plots/DiHiggs/0715_HLTOfflineAcceptance_WithPassFail_SingleSquarePlots/scEta_All_Sig.png Graphic file (type png)
<use ./Figures/Offline Selection Plots/DiHiggs/0715_HLTOfflineAcceptance_WithPassFail_SingleSquarePlots/scEta_All_Sig.png>
Package pdftex.def Info: ./Figures/Offline Selection Plots/DiHiggs/0715_HLTOfflineAcceptance_WithPassFail_SingleSquarePlots/scEta_All_Sig.png  used on input line 1586.
(pdftex.def)             Requested size: 227.65007pt x 221.55432pt.
<./Figures/Offline Selection Plots/DiHiggs/0715_HLTOfflineAcceptance_WithPassFail_SingleSquarePlots/scEta_All_Bkg.png, id=1417, 901.3675pt x 877.2775pt>
File: ./Figures/Offline Selection Plots/DiHiggs/0715_HLTOfflineAcceptance_WithPassFail_SingleSquarePlots/scEta_All_Bkg.png Graphic file (type png)
<use ./Figures/Offline Selection Plots/DiHiggs/0715_HLTOfflineAcceptance_WithPassFail_SingleSquarePlots/scEta_All_Bkg.png>
Package pdftex.def Info: ./Figures/Offline Selection Plots/DiHiggs/0715_HLTOfflineAcceptance_WithPassFail_SingleSquarePlots/scEta_All_Bkg.png  used on input line 1591.
(pdftex.def)             Requested size: 227.65007pt x 221.55432pt.


[91 <./Figures/Offline Selection Plots/DiHiggs/0715_HLTOfflineAcceptance_WithPassFail_SingleSquarePlots/hggMass_All_Sig.png> <./Figures/Offline Selection Plots/DiHiggs/0715_HLTOfflineAcceptance_WithPassFail_SingleSquarePlots/hggMass_All_Bkg.png>]
<./Figures/Offline Selection Plots/DiHiggs/0715_HLTOfflineAcceptance_WithPassFail_SingleSquarePlots/ptOvrM_All_Sig.png, id=1423, 901.3675pt x 877.2775pt>
File: ./Figures/Offline Selection Plots/DiHiggs/0715_HLTOfflineAcceptance_WithPassFail_SingleSquarePlots/ptOvrM_All_Sig.png Graphic file (type png)
<use ./Figures/Offline Selection Plots/DiHiggs/0715_HLTOfflineAcceptance_WithPassFail_SingleSquarePlots/ptOvrM_All_Sig.png>
Package pdftex.def Info: ./Figures/Offline Selection Plots/DiHiggs/0715_HLTOfflineAcceptance_WithPassFail_SingleSquarePlots/ptOvrM_All_Sig.png  used on input line 1601.
(pdftex.def)             Requested size: 227.65007pt x 221.55432pt.
<./Figures/Offline Selection Plots/DiHiggs/0715_HLTOfflineAcceptance_WithPassFail_SingleSquarePlots/ptOvrM_All_Bkg.png, id=1424, 901.3675pt x 877.2775pt>
File: ./Figures/Offline Selection Plots/DiHiggs/0715_HLTOfflineAcceptance_WithPassFail_SingleSquarePlots/ptOvrM_All_Bkg.png Graphic file (type png)
<use ./Figures/Offline Selection Plots/DiHiggs/0715_HLTOfflineAcceptance_WithPassFail_SingleSquarePlots/ptOvrM_All_Bkg.png>
Package pdftex.def Info: ./Figures/Offline Selection Plots/DiHiggs/0715_HLTOfflineAcceptance_WithPassFail_SingleSquarePlots/ptOvrM_All_Bkg.png  used on input line 1606.
(pdftex.def)             Requested size: 227.65007pt x 221.55432pt.


LaTeX Warning: `h' float specifier changed to `ht'.

<./Figures/Offline Selection Plots/0710_FullOfflineCuts_SingleSquarePlots/hggMass_All_Sig.png, id=1425, 901.3675pt x 877.2775pt>
File: ./Figures/Offline Selection Plots/0710_FullOfflineCuts_SingleSquarePlots/hggMass_All_Sig.png Graphic file (type png)
<use ./Figures/Offline Selection Plots/0710_FullOfflineCuts_SingleSquarePlots/hggMass_All_Sig.png>
Package pdftex.def Info: ./Figures/Offline Selection Plots/0710_FullOfflineCuts_SingleSquarePlots/hggMass_All_Sig.png  used on input line 1653.
(pdftex.def)             Requested size: 227.65007pt x 221.55432pt.
<./Figures/Offline Selection Plots/0710_FullOfflineCuts_SingleSquarePlots/hggMass_All_Bkg.png, id=1426, 901.3675pt x 877.2775pt>
File: ./Figures/Offline Selection Plots/0710_FullOfflineCuts_SingleSquarePlots/hggMass_All_Bkg.png Graphic file (type png)
<use ./Figures/Offline Selection Plots/0710_FullOfflineCuts_SingleSquarePlots/hggMass_All_Bkg.png>
Package pdftex.def Info: ./Figures/Offline Selection Plots/0710_FullOfflineCuts_SingleSquarePlots/hggMass_All_Bkg.png  used on input line 1658.
(pdftex.def)             Requested size: 227.65007pt x 221.55432pt.


[92 <./Figures/Offline Selection Plots/DiHiggs/0715_HLTOfflineAcceptance_WithPassFail_SingleSquarePlots/scEta_All_Sig.png> <./Figures/Offline Selection Plots/DiHiggs/0715_HLTOfflineAcceptance_WithPassFail_SingleSquarePlots/scEta_All_Bkg.png> <./Figures/Offline Selection Plots/DiHiggs/0715_HLTOfflineAcceptance_WithPassFail_SingleSquarePlots/ptOvrM_All_Sig.png> <./Figures/Offline Selection Plots/DiHiggs/0715_HLTOfflineAcceptance_WithPassFail_SingleSquarePlots/ptOvrM_All_Bkg.png>]
<./Figures/Offline Selection Plots/0710_FullOfflineCuts_SingleSquarePlots/scEta_All_Sig.png, id=1431, 901.3675pt x 877.2775pt>
File: ./Figures/Offline Selection Plots/0710_FullOfflineCuts_SingleSquarePlots/scEta_All_Sig.png Graphic file (type png)
<use ./Figures/Offline Selection Plots/0710_FullOfflineCuts_SingleSquarePlots/scEta_All_Sig.png>
Package pdftex.def Info: ./Figures/Offline Selection Plots/0710_FullOfflineCuts_SingleSquarePlots/scEta_All_Sig.png  used on input line 1668.
(pdftex.def)             Requested size: 227.65007pt x 221.55432pt.
<./Figures/Offline Selection Plots/0710_FullOfflineCuts_SingleSquarePlots/scEta_All_Bkg.png, id=1432, 901.3675pt x 877.2775pt>
File: ./Figures/Offline Selection Plots/0710_FullOfflineCuts_SingleSquarePlots/scEta_All_Bkg.png Graphic file (type png)
<use ./Figures/Offline Selection Plots/0710_FullOfflineCuts_SingleSquarePlots/scEta_All_Bkg.png>
Package pdftex.def Info: ./Figures/Offline Selection Plots/0710_FullOfflineCuts_SingleSquarePlots/scEta_All_Bkg.png  used on input line 1673.
(pdftex.def)             Requested size: 227.65007pt x 221.55432pt.


[93 <./Figures/Offline Selection Plots/0710_FullOfflineCuts_SingleSquarePlots/hggMass_All_Sig.png> <./Figures/Offline Selection Plots/0710_FullOfflineCuts_SingleSquarePlots/hggMass_All_Bkg.png>]
<./Figures/Offline Selection Plots/0710_FullOfflineCuts_SingleSquarePlots/ptOvrM_All_Sig.png, id=1437, 901.3675pt x 877.2775pt>
File: ./Figures/Offline Selection Plots/0710_FullOfflineCuts_SingleSquarePlots/ptOvrM_All_Sig.png Graphic file (type png)
<use ./Figures/Offline Selection Plots/0710_FullOfflineCuts_SingleSquarePlots/ptOvrM_All_Sig.png>
Package pdftex.def Info: ./Figures/Offline Selection Plots/0710_FullOfflineCuts_SingleSquarePlots/ptOvrM_All_Sig.png  used on input line 1683.
(pdftex.def)             Requested size: 227.65007pt x 221.55432pt.
<./Figures/Offline Selection Plots/0710_FullOfflineCuts_SingleSquarePlots/ptOvrM_All_Bkg.png, id=1438, 901.3675pt x 877.2775pt>
File: ./Figures/Offline Selection Plots/0710_FullOfflineCuts_SingleSquarePlots/ptOvrM_All_Bkg.png Graphic file (type png)
<use ./Figures/Offline Selection Plots/0710_FullOfflineCuts_SingleSquarePlots/ptOvrM_All_Bkg.png>
Package pdftex.def Info: ./Figures/Offline Selection Plots/0710_FullOfflineCuts_SingleSquarePlots/ptOvrM_All_Bkg.png  used on input line 1688.
(pdftex.def)             Requested size: 227.65007pt x 221.55432pt.


LaTeX Warning: `h' float specifier changed to `ht'.

<./Figures/Offline Selection Plots/DiHiggs/0715_FullOfflineCuts_SingleSquarePlots/hggMass_All_Sig.png, id=1439, 901.3675pt x 877.2775pt>
File: ./Figures/Offline Selection Plots/DiHiggs/0715_FullOfflineCuts_SingleSquarePlots/hggMass_All_Sig.png Graphic file (type png)
<use ./Figures/Offline Selection Plots/DiHiggs/0715_FullOfflineCuts_SingleSquarePlots/hggMass_All_Sig.png>
Package pdftex.def Info: ./Figures/Offline Selection Plots/DiHiggs/0715_FullOfflineCuts_SingleSquarePlots/hggMass_All_Sig.png  used on input line 1732.
(pdftex.def)             Requested size: 227.65007pt x 221.55432pt.
<./Figures/Offline Selection Plots/DiHiggs/0715_FullOfflineCuts_SingleSquarePlots/hggMass_All_Bkg.png, id=1440, 901.3675pt x 877.2775pt>
File: ./Figures/Offline Selection Plots/DiHiggs/0715_FullOfflineCuts_SingleSquarePlots/hggMass_All_Bkg.png Graphic file (type png)
<use ./Figures/Offline Selection Plots/DiHiggs/0715_FullOfflineCuts_SingleSquarePlots/hggMass_All_Bkg.png>
Package pdftex.def Info: ./Figures/Offline Selection Plots/DiHiggs/0715_FullOfflineCuts_SingleSquarePlots/hggMass_All_Bkg.png  used on input line 1737.
(pdftex.def)             Requested size: 227.65007pt x 221.55432pt.


[94 <./Figures/Offline Selection Plots/0710_FullOfflineCuts_SingleSquarePlots/scEta_All_Sig.png> <./Figures/Offline Selection Plots/0710_FullOfflineCuts_SingleSquarePlots/scEta_All_Bkg.png> <./Figures/Offline Selection Plots/0710_FullOfflineCuts_SingleSquarePlots/ptOvrM_All_Sig.png> <./Figures/Offline Selection Plots/0710_FullOfflineCuts_SingleSquarePlots/ptOvrM_All_Bkg.png>]
<./Figures/Offline Selection Plots/DiHiggs/0715_FullOfflineCuts_SingleSquarePlots/scEta_All_Sig.png, id=1445, 901.3675pt x 877.2775pt>
File: ./Figures/Offline Selection Plots/DiHiggs/0715_FullOfflineCuts_SingleSquarePlots/scEta_All_Sig.png Graphic file (type png)
<use ./Figures/Offline Selection Plots/DiHiggs/0715_FullOfflineCuts_SingleSquarePlots/scEta_All_Sig.png>
Package pdftex.def Info: ./Figures/Offline Selection Plots/DiHiggs/0715_FullOfflineCuts_SingleSquarePlots/scEta_All_Sig.png  used on input line 1747.
(pdftex.def)             Requested size: 227.65007pt x 221.55432pt.
<./Figures/Offline Selection Plots/DiHiggs/0715_FullOfflineCuts_SingleSquarePlots/scEta_All_Bkg.png, id=1446, 901.3675pt x 877.2775pt>
File: ./Figures/Offline Selection Plots/DiHiggs/0715_FullOfflineCuts_SingleSquarePlots/scEta_All_Bkg.png Graphic file (type png)
<use ./Figures/Offline Selection Plots/DiHiggs/0715_FullOfflineCuts_SingleSquarePlots/scEta_All_Bkg.png>
Package pdftex.def Info: ./Figures/Offline Selection Plots/DiHiggs/0715_FullOfflineCuts_SingleSquarePlots/scEta_All_Bkg.png  used on input line 1752.
(pdftex.def)             Requested size: 227.65007pt x 221.55432pt.


[95 <./Figures/Offline Selection Plots/DiHiggs/0715_FullOfflineCuts_SingleSquarePlots/hggMass_All_Sig.png> <./Figures/Offline Selection Plots/DiHiggs/0715_FullOfflineCuts_SingleSquarePlots/hggMass_All_Bkg.png>]
<./Figures/Offline Selection Plots/DiHiggs/0715_FullOfflineCuts_SingleSquarePlots/ptOvrM_All_Sig.png, id=1451, 901.3675pt x 877.2775pt>
File: ./Figures/Offline Selection Plots/DiHiggs/0715_FullOfflineCuts_SingleSquarePlots/ptOvrM_All_Sig.png Graphic file (type png)
<use ./Figures/Offline Selection Plots/DiHiggs/0715_FullOfflineCuts_SingleSquarePlots/ptOvrM_All_Sig.png>
Package pdftex.def Info: ./Figures/Offline Selection Plots/DiHiggs/0715_FullOfflineCuts_SingleSquarePlots/ptOvrM_All_Sig.png  used on input line 1762.
(pdftex.def)             Requested size: 227.65007pt x 221.55432pt.
<./Figures/Offline Selection Plots/DiHiggs/0715_FullOfflineCuts_SingleSquarePlots/ptOvrM_All_Bkg.png, id=1452, 901.3675pt x 877.2775pt>
File: ./Figures/Offline Selection Plots/DiHiggs/0715_FullOfflineCuts_SingleSquarePlots/ptOvrM_All_Bkg.png Graphic file (type png)
<use ./Figures/Offline Selection Plots/DiHiggs/0715_FullOfflineCuts_SingleSquarePlots/ptOvrM_All_Bkg.png>
Package pdftex.def Info: ./Figures/Offline Selection Plots/DiHiggs/0715_FullOfflineCuts_SingleSquarePlots/ptOvrM_All_Bkg.png  used on input line 1767.
(pdftex.def)             Requested size: 227.65007pt x 221.55432pt.


LaTeX Warning: `h' float specifier changed to `ht'.



[96 <./Figures/Offline Selection Plots/DiHiggs/0715_FullOfflineCuts_SingleSquarePlots/scEta_All_Sig.png> <./Figures/Offline Selection Plots/DiHiggs/0715_FullOfflineCuts_SingleSquarePlots/scEta_All_Bkg.png> <./Figures/Offline Selection Plots/DiHiggs/0715_FullOfflineCuts_SingleSquarePlots/ptOvrM_All_Sig.png> <./Figures/Offline Selection Plots/DiHiggs/0715_FullOfflineCuts_SingleSquarePlots/ptOvrM_All_Bkg.png>]

[97]
Chapter 8.


[98

]
Chapter 9.


[99

]

[100


]

[101] (./RLeeDissertation.aux)
 ***********
LaTeX2e <2025-06-01> patch level 1
L3 programming layer <2025-07-19>
 ***********


LaTeX Warning: There were undefined references.


LaTeX Warning: There were multiply-defined labels.

Package rerunfilecheck Info: File `RLeeDissertation.out' has not changed.
(rerunfilecheck)             Checksum: B17AE0C88F6C75A87F65405C164213BE;18043.
Package logreq Info: Writing requests to 'RLeeDissertation.run.xml'.
\openout1 = `RLeeDissertation.run.xml'.

 ) 
Here is how much of TeX's memory you used:
 25618 strings out of 467816
 518453 string characters out of 5432252
 3670327 words of memory out of 5000000
 53224 multiletter control sequences out of 15000+600000
 701559 words of font info for 392 fonts, out of 8000000 for 9000
 1141 hyphenation exceptions out of 8191
 75i,16n,79p,1370b,2260s stack positions out of 10000i,1000n,20000p,200000b,200000s
</usr/local/texlive/2025/texmf-dist/fonts/type1/public/amsfonts/cm/cmmi10.pfb></usr/local/texlive/2025/texmf-dist/fonts/type1/public/amsfonts/cm/cmr10.pfb></usr/local/texlive/2025/texmf-dist/fonts/type1/public/amsfonts/cm/cmsy10.pfb></usr/local/texlive/2025/texmf-dist/fonts/type1/urw/symbol/usyr.pfb></usr/local/texlive/2025/texmf-dist/fonts/type1/urw/symbol/usyr.pfb></usr/local/texlive/2025/texmf-dist/fonts/type1/urw/times/utmb8a.pfb></usr/local/texlive/2025/texmf-dist/fonts/type1/urw/times/utmr8a.pfb></usr/local/texlive/2025/texmf-dist/fonts/type1/urw/times/utmri8a.pfb>
Output written on RLeeDissertation.pdf (119 pages, 6602031 bytes).
PDF statistics:
 1622 PDF objects out of 1728 (max. 8388607)
 1331 compressed objects within 14 object streams
 315 named destinations out of 1000 (max. 500000)
 79696 words of extra memory for PDF output out of 89155 (max. 10000000)

